patch_name,scene_id,left,top,right,bottom,roi_left,roi_top,roi_right,roi_bottom
SAMPLE_060_x397_y25,SAMPLE_060,397,25,653,281,397,25,1550,1148
SAMPLE_060_x589_y25,SAMPLE_060,589,25,845,281,397,25,1550,1148
SAMPLE_060_x781_y25,SAMPLE_060,781,25,1037,281,397,25,1550,1148
SAMPLE_060_x973_y25,SAMPLE_060,973,25,1229,281,397,25,1550,1148
SAMPLE_060_x1165_y25,SAMPLE_060,1165,25,1421,281,397,25,1550,1148
SAMPLE_060_x1294_y25,SAMPLE_060,1294,25,1550,281,397,25,1550,1148
SAMPLE_060_x397_y217,SAMPLE_060,397,217,653,473,397,25,1550,1148
SAMPLE_060_x589_y217,SAMPLE_060,589,217,845,473,397,25,1550,1148
SAMPLE_060_x781_y217,SAMPLE_060,781,217,1037,473,397,25,1550,1148
SAMPLE_060_x973_y217,SAMPLE_060,973,217,1229,473,397,25,1550,1148
SAMPLE_060_x1165_y217,SAMPLE_060,1165,217,1421,473,397,25,1550,1148
SAMPLE_060_x1294_y217,SAMPLE_060,1294,217,1550,473,397,25,1550,1148
SAMPLE_060_x397_y409,SAMPLE_060,397,409,653,665,397,25,1550,1148
SAMPLE_060_x589_y409,SAMPLE_060,589,409,845,665,397,25,1550,1148
SAMPLE_060_x781_y409,SAMPLE_060,781,409,1037,665,397,25,1550,1148
SAMPLE_060_x973_y409,SAMPLE_060,973,409,1229,665,397,25,1550,1148
SAMPLE_060_x1165_y409,SAMPLE_060,1165,409,1421,665,397,25,1550,1148
SAMPLE_060_x1294_y409,SAMPLE_060,1294,409,1550,665,397,25,1550,1148
SAMPLE_060_x397_y601,SAMPLE_060,397,601,653,857,397,25,1550,1148
SAMPLE_060_x589_y601,SAMPLE_060,589,601,845,857,397,25,1550,1148
SAMPLE_060_x781_y601,SAMPLE_060,781,601,1037,857,397,25,1550,1148
SAMPLE_060_x973_y601,SAMPLE_060,973,601,1229,857,397,25,1550,1148
SAMPLE_060_x1165_y601,SAMPLE_060,1165,601,1421,857,397,25,1550,1148
SAMPLE_060_x1294_y601,SAMPLE_060,1294,601,1550,857,397,25,1550,1148
SAMPLE_060_x397_y793,SAMPLE_060,397,793,653,1049,397,25,1550,1148
SAMPLE_060_x589_y793,SAMPLE_060,589,793,845,1049,397,25,1550,1148
SAMPLE_060_x781_y793,SAMPLE_060,781,793,1037,1049,397,25,1550,1148
SAMPLE_060_x973_y793,SAMPLE_060,973,793,1229,1049,397,25,1550,1148
SAMPLE_060_x1165_y793,SAMPLE_060,1165,793,1421,1049,397,25,1550,1148
SAMPLE_060_x1294_y793,SAMPLE_060,1294,793,1550,1049,397,25,1550,1148
SAMPLE_060_x397_y892,SAMPLE_060,397,892,653,1148,397,25,1550,1148
SAMPLE_060_x589_y892,SAMPLE_060,589,892,845,1148,397,25,1550,1148
SAMPLE_060_x781_y892,SAMPLE_060,781,892,1037,1148,397,25,1550,1148
SAMPLE_060_x973_y892,SAMPLE_060,973,892,1229,1148,397,25,1550,1148
SAMPLE_060_x1165_y892,SAMPLE_060,1165,892,1421,1148,397,25,1550,1148
SAMPLE_060_x1294_y892,SAMPLE_060,1294,892,1550,1148,397,25,1550,1148
SAMPLE_061_x322_y0,SAMPLE_061,322,0,578,256,322,0,1633,1134
SAMPLE_061_x514_y0,SAMPLE_061,514,0,770,256,322,0,1633,1134
SAMPLE_061_x706_y0,SAMPLE_061,706,0,962,256,322,0,1633,1134
SAMPLE_061_x898_y0,SAMPLE_061,898,0,1154,256,322,0,1633,1134
SAMPLE_061_x1090_y0,SAMPLE_061,1090,0,1346,256,322,0,1633,1134
SAMPLE_061_x1282_y0,SAMPLE_061,1282,0,1538,256,322,0,1633,1134
SAMPLE_061_x1377_y0,SAMPLE_061,1377,0,1633,256,322,0,1633,1134
SAMPLE_061_x322_y192,SAMPLE_061,322,192,578,448,322,0,1633,1134
SAMPLE_061_x514_y192,SAMPLE_061,514,192,770,448,322,0,1633,1134
SAMPLE_061_x706_y192,SAMPLE_061,706,192,962,448,322,0,1633,1134
SAMPLE_061_x898_y192,SAMPLE_061,898,192,1154,448,322,0,1633,1134
SAMPLE_061_x1090_y192,SAMPLE_061,1090,192,1346,448,322,0,1633,1134
SAMPLE_061_x1282_y192,SAMPLE_061,1282,192,1538,448,322,0,1633,1134
SAMPLE_061_x1377_y192,SAMPLE_061,1377,192,1633,448,322,0,1633,1134
SAMPLE_061_x322_y384,SAMPLE_061,322,384,578,640,322,0,1633,1134
SAMPLE_061_x514_y384,SAMPLE_061,514,384,770,640,322,0,1633,1134
SAMPLE_061_x706_y384,SAMPLE_061,706,384,962,640,322,0,1633,1134
SAMPLE_061_x898_y384,SAMPLE_061,898,384,1154,640,322,0,1633,1134
SAMPLE_061_x1090_y384,SAMPLE_061,1090,384,1346,640,322,0,1633,1134
SAMPLE_061_x1282_y384,SAMPLE_061,1282,384,1538,640,322,0,1633,1134
SAMPLE_061_x1377_y384,SAMPLE_061,1377,384,1633,640,322,0,1633,1134
SAMPLE_061_x322_y576,SAMPLE_061,322,576,578,832,322,0,1633,1134
SAMPLE_061_x514_y576,SAMPLE_061,514,576,770,832,322,0,1633,1134
SAMPLE_061_x706_y576,SAMPLE_061,706,576,962,832,322,0,1633,1134
SAMPLE_061_x898_y576,SAMPLE_061,898,576,1154,832,322,0,1633,1134
SAMPLE_061_x1090_y576,SAMPLE_061,1090,576,1346,832,322,0,1633,1134
SAMPLE_061_x1282_y576,SAMPLE_061,1282,576,1538,832,322,0,1633,1134
SAMPLE_061_x1377_y576,SAMPLE_061,1377,576,1633,832,322,0,1633,1134
SAMPLE_061_x322_y768,SAMPLE_061,322,768,578,1024,322,0,1633,1134
SAMPLE_061_x514_y768,SAMPLE_061,514,768,770,1024,322,0,1633,1134
SAMPLE_061_x706_y768,SAMPLE_061,706,768,962,1024,322,0,1633,1134
SAMPLE_061_x898_y768,SAMPLE_061,898,768,1154,1024,322,0,1633,1134
SAMPLE_061_x1090_y768,SAMPLE_061,1090,768,1346,1024,322,0,1633,1134
SAMPLE_061_x1282_y768,SAMPLE_061,1282,768,1538,1024,322,0,1633,1134
SAMPLE_061_x1377_y768,SAMPLE_061,1377,768,1633,1024,322,0,1633,1134
SAMPLE_061_x322_y878,SAMPLE_061,322,878,578,1134,322,0,1633,1134
SAMPLE_061_x514_y878,SAMPLE_061,514,878,770,1134,322,0,1633,1134
SAMPLE_061_x706_y878,SAMPLE_061,706,878,962,1134,322,0,1633,1134
SAMPLE_061_x898_y878,SAMPLE_061,898,878,1154,1134,322,0,1633,1134
SAMPLE_061_x1090_y878,SAMPLE_061,1090,878,1346,1134,322,0,1633,1134
SAMPLE_061_x1282_y878,SAMPLE_061,1282,878,1538,1134,322,0,1633,1134
SAMPLE_061_x1377_y878,SAMPLE_061,1377,878,1633,1134,322,0,1633,1134
SAMPLE_062_x393_y12,SAMPLE_062,393,12,649,268,393,12,1514,1114
SAMPLE_062_x585_y12,SAMPLE_062,585,12,841,268,393,12,1514,1114
SAMPLE_062_x777_y12,SAMPLE_062,777,12,1033,268,393,12,1514,1114
SAMPLE_062_x969_y12,SAMPLE_062,969,12,1225,268,393,12,1514,1114
SAMPLE_062_x1161_y12,SAMPLE_062,1161,12,1417,268,393,12,1514,1114
SAMPLE_062_x1258_y12,SAMPLE_062,1258,12,1514,268,393,12,1514,1114
SAMPLE_062_x393_y204,SAMPLE_062,393,204,649,460,393,12,1514,1114
SAMPLE_062_x585_y204,SAMPLE_062,585,204,841,460,393,12,1514,1114
SAMPLE_062_x777_y204,SAMPLE_062,777,204,1033,460,393,12,1514,1114
SAMPLE_062_x969_y204,SAMPLE_062,969,204,1225,460,393,12,1514,1114
SAMPLE_062_x1161_y204,SAMPLE_062,1161,204,1417,460,393,12,1514,1114
SAMPLE_062_x1258_y204,SAMPLE_062,1258,204,1514,460,393,12,1514,1114
SAMPLE_062_x393_y396,SAMPLE_062,393,396,649,652,393,12,1514,1114
SAMPLE_062_x585_y396,SAMPLE_062,585,396,841,652,393,12,1514,1114
SAMPLE_062_x777_y396,SAMPLE_062,777,396,1033,652,393,12,1514,1114
SAMPLE_062_x969_y396,SAMPLE_062,969,396,1225,652,393,12,1514,1114
SAMPLE_062_x1161_y396,SAMPLE_062,1161,396,1417,652,393,12,1514,1114
SAMPLE_062_x1258_y396,SAMPLE_062,1258,396,1514,652,393,12,1514,1114
SAMPLE_062_x393_y588,SAMPLE_062,393,588,649,844,393,12,1514,1114
SAMPLE_062_x585_y588,SAMPLE_062,585,588,841,844,393,12,1514,1114
SAMPLE_062_x777_y588,SAMPLE_062,777,588,1033,844,393,12,1514,1114
SAMPLE_062_x969_y588,SAMPLE_062,969,588,1225,844,393,12,1514,1114
SAMPLE_062_x1161_y588,SAMPLE_062,1161,588,1417,844,393,12,1514,1114
SAMPLE_062_x1258_y588,SAMPLE_062,1258,588,1514,844,393,12,1514,1114
SAMPLE_062_x393_y780,SAMPLE_062,393,780,649,1036,393,12,1514,1114
SAMPLE_062_x585_y780,SAMPLE_062,585,780,841,1036,393,12,1514,1114
SAMPLE_062_x777_y780,SAMPLE_062,777,780,1033,1036,393,12,1514,1114
SAMPLE_062_x969_y780,SAMPLE_062,969,780,1225,1036,393,12,1514,1114
SAMPLE_062_x1161_y780,SAMPLE_062,1161,780,1417,1036,393,12,1514,1114
SAMPLE_062_x1258_y780,SAMPLE_062,1258,780,1514,1036,393,12,1514,1114
SAMPLE_062_x393_y858,SAMPLE_062,393,858,649,1114,393,12,1514,1114
SAMPLE_062_x585_y858,SAMPLE_062,585,858,841,1114,393,12,1514,1114
SAMPLE_062_x777_y858,SAMPLE_062,777,858,1033,1114,393,12,1514,1114
SAMPLE_062_x969_y858,SAMPLE_062,969,858,1225,1114,393,12,1514,1114
SAMPLE_062_x1161_y858,SAMPLE_062,1161,858,1417,1114,393,12,1514,1114
SAMPLE_062_x1258_y858,SAMPLE_062,1258,858,1514,1114,393,12,1514,1114
SAMPLE_063_x410_y18,SAMPLE_063,410,18,666,274,410,18,1534,1140
SAMPLE_063_x602_y18,SAMPLE_063,602,18,858,274,410,18,1534,1140
SAMPLE_063_x794_y18,SAMPLE_063,794,18,1050,274,410,18,1534,1140
SAMPLE_063_x986_y18,SAMPLE_063,986,18,1242,274,410,18,1534,1140
SAMPLE_063_x1178_y18,SAMPLE_063,1178,18,1434,274,410,18,1534,1140
SAMPLE_063_x1278_y18,SAMPLE_063,1278,18,1534,274,410,18,1534,1140
SAMPLE_063_x410_y210,SAMPLE_063,410,210,666,466,410,18,1534,1140
SAMPLE_063_x602_y210,SAMPLE_063,602,210,858,466,410,18,1534,1140
SAMPLE_063_x794_y210,SAMPLE_063,794,210,1050,466,410,18,1534,1140
SAMPLE_063_x986_y210,SAMPLE_063,986,210,1242,466,410,18,1534,1140
SAMPLE_063_x1178_y210,SAMPLE_063,1178,210,1434,466,410,18,1534,1140
SAMPLE_063_x1278_y210,SAMPLE_063,1278,210,1534,466,410,18,1534,1140
SAMPLE_063_x410_y402,SAMPLE_063,410,402,666,658,410,18,1534,1140
SAMPLE_063_x602_y402,SAMPLE_063,602,402,858,658,410,18,1534,1140
SAMPLE_063_x794_y402,SAMPLE_063,794,402,1050,658,410,18,1534,1140
SAMPLE_063_x986_y402,SAMPLE_063,986,402,1242,658,410,18,1534,1140
SAMPLE_063_x1178_y402,SAMPLE_063,1178,402,1434,658,410,18,1534,1140
SAMPLE_063_x1278_y402,SAMPLE_063,1278,402,1534,658,410,18,1534,1140
SAMPLE_063_x410_y594,SAMPLE_063,410,594,666,850,410,18,1534,1140
SAMPLE_063_x602_y594,SAMPLE_063,602,594,858,850,410,18,1534,1140
SAMPLE_063_x794_y594,SAMPLE_063,794,594,1050,850,410,18,1534,1140
SAMPLE_063_x986_y594,SAMPLE_063,986,594,1242,850,410,18,1534,1140
SAMPLE_063_x1178_y594,SAMPLE_063,1178,594,1434,850,410,18,1534,1140
SAMPLE_063_x1278_y594,SAMPLE_063,1278,594,1534,850,410,18,1534,1140
SAMPLE_063_x410_y786,SAMPLE_063,410,786,666,1042,410,18,1534,1140
SAMPLE_063_x602_y786,SAMPLE_063,602,786,858,1042,410,18,1534,1140
SAMPLE_063_x794_y786,SAMPLE_063,794,786,1050,1042,410,18,1534,1140
SAMPLE_063_x986_y786,SAMPLE_063,986,786,1242,1042,410,18,1534,1140
SAMPLE_063_x1178_y786,SAMPLE_063,1178,786,1434,1042,410,18,1534,1140
SAMPLE_063_x1278_y786,SAMPLE_063,1278,786,1534,1042,410,18,1534,1140
SAMPLE_063_x410_y884,SAMPLE_063,410,884,666,1140,410,18,1534,1140
SAMPLE_063_x602_y884,SAMPLE_063,602,884,858,1140,410,18,1534,1140
SAMPLE_063_x794_y884,SAMPLE_063,794,884,1050,1140,410,18,1534,1140
SAMPLE_063_x986_y884,SAMPLE_063,986,884,1242,1140,410,18,1534,1140
SAMPLE_063_x1178_y884,SAMPLE_063,1178,884,1434,1140,410,18,1534,1140
SAMPLE_063_x1278_y884,SAMPLE_063,1278,884,1534,1140,410,18,1534,1140
SAMPLE_066_x402_y22,SAMPLE_066,402,22,658,278,402,22,1550,1144
SAMPLE_066_x594_y22,SAMPLE_066,594,22,850,278,402,22,1550,1144
SAMPLE_066_x786_y22,SAMPLE_066,786,22,1042,278,402,22,1550,1144
SAMPLE_066_x978_y22,SAMPLE_066,978,22,1234,278,402,22,1550,1144
SAMPLE_066_x1170_y22,SAMPLE_066,1170,22,1426,278,402,22,1550,1144
SAMPLE_066_x1294_y22,SAMPLE_066,1294,22,1550,278,402,22,1550,1144
SAMPLE_066_x402_y214,SAMPLE_066,402,214,658,470,402,22,1550,1144
SAMPLE_066_x594_y214,SAMPLE_066,594,214,850,470,402,22,1550,1144
SAMPLE_066_x786_y214,SAMPLE_066,786,214,1042,470,402,22,1550,1144
SAMPLE_066_x978_y214,SAMPLE_066,978,214,1234,470,402,22,1550,1144
SAMPLE_066_x1170_y214,SAMPLE_066,1170,214,1426,470,402,22,1550,1144
SAMPLE_066_x1294_y214,SAMPLE_066,1294,214,1550,470,402,22,1550,1144
SAMPLE_066_x402_y406,SAMPLE_066,402,406,658,662,402,22,1550,1144
SAMPLE_066_x594_y406,SAMPLE_066,594,406,850,662,402,22,1550,1144
SAMPLE_066_x786_y406,SAMPLE_066,786,406,1042,662,402,22,1550,1144
SAMPLE_066_x978_y406,SAMPLE_066,978,406,1234,662,402,22,1550,1144
SAMPLE_066_x1170_y406,SAMPLE_066,1170,406,1426,662,402,22,1550,1144
SAMPLE_066_x1294_y406,SAMPLE_066,1294,406,1550,662,402,22,1550,1144
SAMPLE_066_x402_y598,SAMPLE_066,402,598,658,854,402,22,1550,1144
SAMPLE_066_x594_y598,SAMPLE_066,594,598,850,854,402,22,1550,1144
SAMPLE_066_x786_y598,SAMPLE_066,786,598,1042,854,402,22,1550,1144
SAMPLE_066_x978_y598,SAMPLE_066,978,598,1234,854,402,22,1550,1144
SAMPLE_066_x1170_y598,SAMPLE_066,1170,598,1426,854,402,22,1550,1144
SAMPLE_066_x1294_y598,SAMPLE_066,1294,598,1550,854,402,22,1550,1144
SAMPLE_066_x402_y790,SAMPLE_066,402,790,658,1046,402,22,1550,1144
SAMPLE_066_x594_y790,SAMPLE_066,594,790,850,1046,402,22,1550,1144
SAMPLE_066_x786_y790,SAMPLE_066,786,790,1042,1046,402,22,1550,1144
SAMPLE_066_x978_y790,SAMPLE_066,978,790,1234,1046,402,22,1550,1144
SAMPLE_066_x1170_y790,SAMPLE_066,1170,790,1426,1046,402,22,1550,1144
SAMPLE_066_x1294_y790,SAMPLE_066,1294,790,1550,1046,402,22,1550,1144
SAMPLE_066_x402_y888,SAMPLE_066,402,888,658,1144,402,22,1550,1144
SAMPLE_066_x594_y888,SAMPLE_066,594,888,850,1144,402,22,1550,1144
SAMPLE_066_x786_y888,SAMPLE_066,786,888,1042,1144,402,22,1550,1144
SAMPLE_066_x978_y888,SAMPLE_066,978,888,1234,1144,402,22,1550,1144
SAMPLE_066_x1170_y888,SAMPLE_066,1170,888,1426,1144,402,22,1550,1144
SAMPLE_066_x1294_y888,SAMPLE_066,1294,888,1550,1144,402,22,1550,1144
SAMPLE_067_x392_y10,SAMPLE_067,392,10,648,266,392,10,1556,1145
SAMPLE_067_x584_y10,SAMPLE_067,584,10,840,266,392,10,1556,1145
SAMPLE_067_x776_y10,SAMPLE_067,776,10,1032,266,392,10,1556,1145
SAMPLE_067_x968_y10,SAMPLE_067,968,10,1224,266,392,10,1556,1145
SAMPLE_067_x1160_y10,SAMPLE_067,1160,10,1416,266,392,10,1556,1145
SAMPLE_067_x1300_y10,SAMPLE_067,1300,10,1556,266,392,10,1556,1145
SAMPLE_067_x392_y202,SAMPLE_067,392,202,648,458,392,10,1556,1145
SAMPLE_067_x584_y202,SAMPLE_067,584,202,840,458,392,10,1556,1145
SAMPLE_067_x776_y202,SAMPLE_067,776,202,1032,458,392,10,1556,1145
SAMPLE_067_x968_y202,SAMPLE_067,968,202,1224,458,392,10,1556,1145
SAMPLE_067_x1160_y202,SAMPLE_067,1160,202,1416,458,392,10,1556,1145
SAMPLE_067_x1300_y202,SAMPLE_067,1300,202,1556,458,392,10,1556,1145
SAMPLE_067_x392_y394,SAMPLE_067,392,394,648,650,392,10,1556,1145
SAMPLE_067_x584_y394,SAMPLE_067,584,394,840,650,392,10,1556,1145
SAMPLE_067_x776_y394,SAMPLE_067,776,394,1032,650,392,10,1556,1145
SAMPLE_067_x968_y394,SAMPLE_067,968,394,1224,650,392,10,1556,1145
SAMPLE_067_x1160_y394,SAMPLE_067,1160,394,1416,650,392,10,1556,1145
SAMPLE_067_x1300_y394,SAMPLE_067,1300,394,1556,650,392,10,1556,1145
SAMPLE_067_x392_y586,SAMPLE_067,392,586,648,842,392,10,1556,1145
SAMPLE_067_x584_y586,SAMPLE_067,584,586,840,842,392,10,1556,1145
SAMPLE_067_x776_y586,SAMPLE_067,776,586,1032,842,392,10,1556,1145
SAMPLE_067_x968_y586,SAMPLE_067,968,586,1224,842,392,10,1556,1145
SAMPLE_067_x1160_y586,SAMPLE_067,1160,586,1416,842,392,10,1556,1145
SAMPLE_067_x1300_y586,SAMPLE_067,1300,586,1556,842,392,10,1556,1145
SAMPLE_067_x392_y778,SAMPLE_067,392,778,648,1034,392,10,1556,1145
SAMPLE_067_x584_y778,SAMPLE_067,584,778,840,1034,392,10,1556,1145
SAMPLE_067_x776_y778,SAMPLE_067,776,778,1032,1034,392,10,1556,1145
SAMPLE_067_x968_y778,SAMPLE_067,968,778,1224,1034,392,10,1556,1145
SAMPLE_067_x1160_y778,SAMPLE_067,1160,778,1416,1034,392,10,1556,1145
SAMPLE_067_x1300_y778,SAMPLE_067,1300,778,1556,1034,392,10,1556,1145
SAMPLE_067_x392_y889,SAMPLE_067,392,889,648,1145,392,10,1556,1145
SAMPLE_067_x584_y889,SAMPLE_067,584,889,840,1145,392,10,1556,1145
SAMPLE_067_x776_y889,SAMPLE_067,776,889,1032,1145,392,10,1556,1145
SAMPLE_067_x968_y889,SAMPLE_067,968,889,1224,1145,392,10,1556,1145
SAMPLE_067_x1160_y889,SAMPLE_067,1160,889,1416,1145,392,10,1556,1145
SAMPLE_067_x1300_y889,SAMPLE_067,1300,889,1556,1145,392,10,1556,1145
SAMPLE_068_x460_y4,SAMPLE_068,460,4,716,260,460,4,1596,1115
SAMPLE_068_x652_y4,SAMPLE_068,652,4,908,260,460,4,1596,1115
SAMPLE_068_x844_y4,SAMPLE_068,844,4,1100,260,460,4,1596,1115
SAMPLE_068_x1036_y4,SAMPLE_068,1036,4,1292,260,460,4,1596,1115
SAMPLE_068_x1228_y4,SAMPLE_068,1228,4,1484,260,460,4,1596,1115
SAMPLE_068_x1340_y4,SAMPLE_068,1340,4,1596,260,460,4,1596,1115
SAMPLE_068_x460_y196,SAMPLE_068,460,196,716,452,460,4,1596,1115
SAMPLE_068_x652_y196,SAMPLE_068,652,196,908,452,460,4,1596,1115
SAMPLE_068_x844_y196,SAMPLE_068,844,196,1100,452,460,4,1596,1115
SAMPLE_068_x1036_y196,SAMPLE_068,1036,196,1292,452,460,4,1596,1115
SAMPLE_068_x1228_y196,SAMPLE_068,1228,196,1484,452,460,4,1596,1115
SAMPLE_068_x1340_y196,SAMPLE_068,1340,196,1596,452,460,4,1596,1115
SAMPLE_068_x460_y388,SAMPLE_068,460,388,716,644,460,4,1596,1115
SAMPLE_068_x652_y388,SAMPLE_068,652,388,908,644,460,4,1596,1115
SAMPLE_068_x844_y388,SAMPLE_068,844,388,1100,644,460,4,1596,1115
SAMPLE_068_x1036_y388,SAMPLE_068,1036,388,1292,644,460,4,1596,1115
SAMPLE_068_x1228_y388,SAMPLE_068,1228,388,1484,644,460,4,1596,1115
SAMPLE_068_x1340_y388,SAMPLE_068,1340,388,1596,644,460,4,1596,1115
SAMPLE_068_x460_y580,SAMPLE_068,460,580,716,836,460,4,1596,1115
SAMPLE_068_x652_y580,SAMPLE_068,652,580,908,836,460,4,1596,1115
SAMPLE_068_x844_y580,SAMPLE_068,844,580,1100,836,460,4,1596,1115
SAMPLE_068_x1036_y580,SAMPLE_068,1036,580,1292,836,460,4,1596,1115
SAMPLE_068_x1228_y580,SAMPLE_068,1228,580,1484,836,460,4,1596,1115
SAMPLE_068_x1340_y580,SAMPLE_068,1340,580,1596,836,460,4,1596,1115
SAMPLE_068_x460_y772,SAMPLE_068,460,772,716,1028,460,4,1596,1115
SAMPLE_068_x652_y772,SAMPLE_068,652,772,908,1028,460,4,1596,1115
SAMPLE_068_x844_y772,SAMPLE_068,844,772,1100,1028,460,4,1596,1115
SAMPLE_068_x1036_y772,SAMPLE_068,1036,772,1292,1028,460,4,1596,1115
SAMPLE_068_x1228_y772,SAMPLE_068,1228,772,1484,1028,460,4,1596,1115
SAMPLE_068_x1340_y772,SAMPLE_068,1340,772,1596,1028,460,4,1596,1115
SAMPLE_068_x460_y859,SAMPLE_068,460,859,716,1115,460,4,1596,1115
SAMPLE_068_x652_y859,SAMPLE_068,652,859,908,1115,460,4,1596,1115
SAMPLE_068_x844_y859,SAMPLE_068,844,859,1100,1115,460,4,1596,1115
SAMPLE_068_x1036_y859,SAMPLE_068,1036,859,1292,1115,460,4,1596,1115
SAMPLE_068_x1228_y859,SAMPLE_068,1228,859,1484,1115,460,4,1596,1115
SAMPLE_068_x1340_y859,SAMPLE_068,1340,859,1596,1115,460,4,1596,1115
SAMPLE_069_x302_y0,SAMPLE_069,302,0,558,256,302,0,1577,1200
SAMPLE_069_x494_y0,SAMPLE_069,494,0,750,256,302,0,1577,1200
SAMPLE_069_x686_y0,SAMPLE_069,686,0,942,256,302,0,1577,1200
SAMPLE_069_x878_y0,SAMPLE_069,878,0,1134,256,302,0,1577,1200
SAMPLE_069_x1070_y0,SAMPLE_069,1070,0,1326,256,302,0,1577,1200
SAMPLE_069_x1262_y0,SAMPLE_069,1262,0,1518,256,302,0,1577,1200
SAMPLE_069_x1321_y0,SAMPLE_069,1321,0,1577,256,302,0,1577,1200
SAMPLE_069_x302_y192,SAMPLE_069,302,192,558,448,302,0,1577,1200
SAMPLE_069_x494_y192,SAMPLE_069,494,192,750,448,302,0,1577,1200
SAMPLE_069_x686_y192,SAMPLE_069,686,192,942,448,302,0,1577,1200
SAMPLE_069_x878_y192,SAMPLE_069,878,192,1134,448,302,0,1577,1200
SAMPLE_069_x1070_y192,SAMPLE_069,1070,192,1326,448,302,0,1577,1200
SAMPLE_069_x1262_y192,SAMPLE_069,1262,192,1518,448,302,0,1577,1200
SAMPLE_069_x1321_y192,SAMPLE_069,1321,192,1577,448,302,0,1577,1200
SAMPLE_069_x302_y384,SAMPLE_069,302,384,558,640,302,0,1577,1200
SAMPLE_069_x494_y384,SAMPLE_069,494,384,750,640,302,0,1577,1200
SAMPLE_069_x686_y384,SAMPLE_069,686,384,942,640,302,0,1577,1200
SAMPLE_069_x878_y384,SAMPLE_069,878,384,1134,640,302,0,1577,1200
SAMPLE_069_x1070_y384,SAMPLE_069,1070,384,1326,640,302,0,1577,1200
SAMPLE_069_x1262_y384,SAMPLE_069,1262,384,1518,640,302,0,1577,1200
SAMPLE_069_x1321_y384,SAMPLE_069,1321,384,1577,640,302,0,1577,1200
SAMPLE_069_x302_y576,SAMPLE_069,302,576,558,832,302,0,1577,1200
SAMPLE_069_x494_y576,SAMPLE_069,494,576,750,832,302,0,1577,1200
SAMPLE_069_x686_y576,SAMPLE_069,686,576,942,832,302,0,1577,1200
SAMPLE_069_x878_y576,SAMPLE_069,878,576,1134,832,302,0,1577,1200
SAMPLE_069_x1070_y576,SAMPLE_069,1070,576,1326,832,302,0,1577,1200
SAMPLE_069_x1262_y576,SAMPLE_069,1262,576,1518,832,302,0,1577,1200
SAMPLE_069_x1321_y576,SAMPLE_069,1321,576,1577,832,302,0,1577,1200
SAMPLE_069_x302_y768,SAMPLE_069,302,768,558,1024,302,0,1577,1200
SAMPLE_069_x494_y768,SAMPLE_069,494,768,750,1024,302,0,1577,1200
SAMPLE_069_x686_y768,SAMPLE_069,686,768,942,1024,302,0,1577,1200
SAMPLE_069_x878_y768,SAMPLE_069,878,768,1134,1024,302,0,1577,1200
SAMPLE_069_x1070_y768,SAMPLE_069,1070,768,1326,1024,302,0,1577,1200
SAMPLE_069_x1262_y768,SAMPLE_069,1262,768,1518,1024,302,0,1577,1200
SAMPLE_069_x1321_y768,SAMPLE_069,1321,768,1577,1024,302,0,1577,1200
SAMPLE_069_x302_y944,SAMPLE_069,302,944,558,1200,302,0,1577,1200
SAMPLE_069_x494_y944,SAMPLE_069,494,944,750,1200,302,0,1577,1200
SAMPLE_069_x686_y944,SAMPLE_069,686,944,942,1200,302,0,1577,1200
SAMPLE_069_x878_y944,SAMPLE_069,878,944,1134,1200,302,0,1577,1200
SAMPLE_069_x1070_y944,SAMPLE_069,1070,944,1326,1200,302,0,1577,1200
SAMPLE_069_x1262_y944,SAMPLE_069,1262,944,1518,1200,302,0,1577,1200
SAMPLE_069_x1321_y944,SAMPLE_069,1321,944,1577,1200,302,0,1577,1200
SAMPLE_070_x194_y0,SAMPLE_070,194,0,450,256,194,0,1639,1200
SAMPLE_070_x386_y0,SAMPLE_070,386,0,642,256,194,0,1639,1200
SAMPLE_070_x578_y0,SAMPLE_070,578,0,834,256,194,0,1639,1200
SAMPLE_070_x770_y0,SAMPLE_070,770,0,1026,256,194,0,1639,1200
SAMPLE_070_x962_y0,SAMPLE_070,962,0,1218,256,194,0,1639,1200
SAMPLE_070_x1154_y0,SAMPLE_070,1154,0,1410,256,194,0,1639,1200
SAMPLE_070_x1346_y0,SAMPLE_070,1346,0,1602,256,194,0,1639,1200
SAMPLE_070_x1383_y0,SAMPLE_070,1383,0,1639,256,194,0,1639,1200
SAMPLE_070_x194_y192,SAMPLE_070,194,192,450,448,194,0,1639,1200
SAMPLE_070_x386_y192,SAMPLE_070,386,192,642,448,194,0,1639,1200
SAMPLE_070_x578_y192,SAMPLE_070,578,192,834,448,194,0,1639,1200
SAMPLE_070_x770_y192,SAMPLE_070,770,192,1026,448,194,0,1639,1200
SAMPLE_070_x962_y192,SAMPLE_070,962,192,1218,448,194,0,1639,1200
SAMPLE_070_x1154_y192,SAMPLE_070,1154,192,1410,448,194,0,1639,1200
SAMPLE_070_x1346_y192,SAMPLE_070,1346,192,1602,448,194,0,1639,1200
SAMPLE_070_x1383_y192,SAMPLE_070,1383,192,1639,448,194,0,1639,1200
SAMPLE_070_x194_y384,SAMPLE_070,194,384,450,640,194,0,1639,1200
SAMPLE_070_x386_y384,SAMPLE_070,386,384,642,640,194,0,1639,1200
SAMPLE_070_x578_y384,SAMPLE_070,578,384,834,640,194,0,1639,1200
SAMPLE_070_x770_y384,SAMPLE_070,770,384,1026,640,194,0,1639,1200
SAMPLE_070_x962_y384,SAMPLE_070,962,384,1218,640,194,0,1639,1200
SAMPLE_070_x1154_y384,SAMPLE_070,1154,384,1410,640,194,0,1639,1200
SAMPLE_070_x1346_y384,SAMPLE_070,1346,384,1602,640,194,0,1639,1200
SAMPLE_070_x1383_y384,SAMPLE_070,1383,384,1639,640,194,0,1639,1200
SAMPLE_070_x194_y576,SAMPLE_070,194,576,450,832,194,0,1639,1200
SAMPLE_070_x386_y576,SAMPLE_070,386,576,642,832,194,0,1639,1200
SAMPLE_070_x578_y576,SAMPLE_070,578,576,834,832,194,0,1639,1200
SAMPLE_070_x770_y576,SAMPLE_070,770,576,1026,832,194,0,1639,1200
SAMPLE_070_x962_y576,SAMPLE_070,962,576,1218,832,194,0,1639,1200
SAMPLE_070_x1154_y576,SAMPLE_070,1154,576,1410,832,194,0,1639,1200
SAMPLE_070_x1346_y576,SAMPLE_070,1346,576,1602,832,194,0,1639,1200
SAMPLE_070_x1383_y576,SAMPLE_070,1383,576,1639,832,194,0,1639,1200
SAMPLE_070_x194_y768,SAMPLE_070,194,768,450,1024,194,0,1639,1200
SAMPLE_070_x386_y768,SAMPLE_070,386,768,642,1024,194,0,1639,1200
SAMPLE_070_x578_y768,SAMPLE_070,578,768,834,1024,194,0,1639,1200
SAMPLE_070_x770_y768,SAMPLE_070,770,768,1026,1024,194,0,1639,1200
SAMPLE_070_x962_y768,SAMPLE_070,962,768,1218,1024,194,0,1639,1200
SAMPLE_070_x1154_y768,SAMPLE_070,1154,768,1410,1024,194,0,1639,1200
SAMPLE_070_x1346_y768,SAMPLE_070,1346,768,1602,1024,194,0,1639,1200
SAMPLE_070_x1383_y768,SAMPLE_070,1383,768,1639,1024,194,0,1639,1200
SAMPLE_070_x194_y944,SAMPLE_070,194,944,450,1200,194,0,1639,1200
SAMPLE_070_x386_y944,SAMPLE_070,386,944,642,1200,194,0,1639,1200
SAMPLE_070_x578_y944,SAMPLE_070,578,944,834,1200,194,0,1639,1200
SAMPLE_070_x770_y944,SAMPLE_070,770,944,1026,1200,194,0,1639,1200
SAMPLE_070_x962_y944,SAMPLE_070,962,944,1218,1200,194,0,1639,1200
SAMPLE_070_x1154_y944,SAMPLE_070,1154,944,1410,1200,194,0,1639,1200
SAMPLE_070_x1346_y944,SAMPLE_070,1346,944,1602,1200,194,0,1639,1200
SAMPLE_070_x1383_y944,SAMPLE_070,1383,944,1639,1200,194,0,1639,1200
SAMPLE_071_x332_y0,SAMPLE_071,332,0,588,256,332,0,1520,1135
SAMPLE_071_x524_y0,SAMPLE_071,524,0,780,256,332,0,1520,1135
SAMPLE_071_x716_y0,SAMPLE_071,716,0,972,256,332,0,1520,1135
SAMPLE_071_x908_y0,SAMPLE_071,908,0,1164,256,332,0,1520,1135
SAMPLE_071_x1100_y0,SAMPLE_071,1100,0,1356,256,332,0,1520,1135
SAMPLE_071_x1264_y0,SAMPLE_071,1264,0,1520,256,332,0,1520,1135
SAMPLE_071_x332_y192,SAMPLE_071,332,192,588,448,332,0,1520,1135
SAMPLE_071_x524_y192,SAMPLE_071,524,192,780,448,332,0,1520,1135
SAMPLE_071_x716_y192,SAMPLE_071,716,192,972,448,332,0,1520,1135
SAMPLE_071_x908_y192,SAMPLE_071,908,192,1164,448,332,0,1520,1135
SAMPLE_071_x1100_y192,SAMPLE_071,1100,192,1356,448,332,0,1520,1135
SAMPLE_071_x1264_y192,SAMPLE_071,1264,192,1520,448,332,0,1520,1135
SAMPLE_071_x332_y384,SAMPLE_071,332,384,588,640,332,0,1520,1135
SAMPLE_071_x524_y384,SAMPLE_071,524,384,780,640,332,0,1520,1135
SAMPLE_071_x716_y384,SAMPLE_071,716,384,972,640,332,0,1520,1135
SAMPLE_071_x908_y384,SAMPLE_071,908,384,1164,640,332,0,1520,1135
SAMPLE_071_x1100_y384,SAMPLE_071,1100,384,1356,640,332,0,1520,1135
SAMPLE_071_x1264_y384,SAMPLE_071,1264,384,1520,640,332,0,1520,1135
SAMPLE_071_x332_y576,SAMPLE_071,332,576,588,832,332,0,1520,1135
SAMPLE_071_x524_y576,SAMPLE_071,524,576,780,832,332,0,1520,1135
SAMPLE_071_x716_y576,SAMPLE_071,716,576,972,832,332,0,1520,1135
SAMPLE_071_x908_y576,SAMPLE_071,908,576,1164,832,332,0,1520,1135
SAMPLE_071_x1100_y576,SAMPLE_071,1100,576,1356,832,332,0,1520,1135
SAMPLE_071_x1264_y576,SAMPLE_071,1264,576,1520,832,332,0,1520,1135
SAMPLE_071_x332_y768,SAMPLE_071,332,768,588,1024,332,0,1520,1135
SAMPLE_071_x524_y768,SAMPLE_071,524,768,780,1024,332,0,1520,1135
SAMPLE_071_x716_y768,SAMPLE_071,716,768,972,1024,332,0,1520,1135
SAMPLE_071_x908_y768,SAMPLE_071,908,768,1164,1024,332,0,1520,1135
SAMPLE_071_x1100_y768,SAMPLE_071,1100,768,1356,1024,332,0,1520,1135
SAMPLE_071_x1264_y768,SAMPLE_071,1264,768,1520,1024,332,0,1520,1135
SAMPLE_071_x332_y879,SAMPLE_071,332,879,588,1135,332,0,1520,1135
SAMPLE_071_x524_y879,SAMPLE_071,524,879,780,1135,332,0,1520,1135
SAMPLE_071_x716_y879,SAMPLE_071,716,879,972,1135,332,0,1520,1135
SAMPLE_071_x908_y879,SAMPLE_071,908,879,1164,1135,332,0,1520,1135
SAMPLE_071_x1100_y879,SAMPLE_071,1100,879,1356,1135,332,0,1520,1135
SAMPLE_071_x1264_y879,SAMPLE_071,1264,879,1520,1135,332,0,1520,1135
SAMPLE_072_x330_y0,SAMPLE_072,330,0,586,256,330,0,1518,1112
SAMPLE_072_x522_y0,SAMPLE_072,522,0,778,256,330,0,1518,1112
SAMPLE_072_x714_y0,SAMPLE_072,714,0,970,256,330,0,1518,1112
SAMPLE_072_x906_y0,SAMPLE_072,906,0,1162,256,330,0,1518,1112
SAMPLE_072_x1098_y0,SAMPLE_072,1098,0,1354,256,330,0,1518,1112
SAMPLE_072_x1262_y0,SAMPLE_072,1262,0,1518,256,330,0,1518,1112
SAMPLE_072_x330_y192,SAMPLE_072,330,192,586,448,330,0,1518,1112
SAMPLE_072_x522_y192,SAMPLE_072,522,192,778,448,330,0,1518,1112
SAMPLE_072_x714_y192,SAMPLE_072,714,192,970,448,330,0,1518,1112
SAMPLE_072_x906_y192,SAMPLE_072,906,192,1162,448,330,0,1518,1112
SAMPLE_072_x1098_y192,SAMPLE_072,1098,192,1354,448,330,0,1518,1112
SAMPLE_072_x1262_y192,SAMPLE_072,1262,192,1518,448,330,0,1518,1112
SAMPLE_072_x330_y384,SAMPLE_072,330,384,586,640,330,0,1518,1112
SAMPLE_072_x522_y384,SAMPLE_072,522,384,778,640,330,0,1518,1112
SAMPLE_072_x714_y384,SAMPLE_072,714,384,970,640,330,0,1518,1112
SAMPLE_072_x906_y384,SAMPLE_072,906,384,1162,640,330,0,1518,1112
SAMPLE_072_x1098_y384,SAMPLE_072,1098,384,1354,640,330,0,1518,1112
SAMPLE_072_x1262_y384,SAMPLE_072,1262,384,1518,640,330,0,1518,1112
SAMPLE_072_x330_y576,SAMPLE_072,330,576,586,832,330,0,1518,1112
SAMPLE_072_x522_y576,SAMPLE_072,522,576,778,832,330,0,1518,1112
SAMPLE_072_x714_y576,SAMPLE_072,714,576,970,832,330,0,1518,1112
SAMPLE_072_x906_y576,SAMPLE_072,906,576,1162,832,330,0,1518,1112
SAMPLE_072_x1098_y576,SAMPLE_072,1098,576,1354,832,330,0,1518,1112
SAMPLE_072_x1262_y576,SAMPLE_072,1262,576,1518,832,330,0,1518,1112
SAMPLE_072_x330_y768,SAMPLE_072,330,768,586,1024,330,0,1518,1112
SAMPLE_072_x522_y768,SAMPLE_072,522,768,778,1024,330,0,1518,1112
SAMPLE_072_x714_y768,SAMPLE_072,714,768,970,1024,330,0,1518,1112
SAMPLE_072_x906_y768,SAMPLE_072,906,768,1162,1024,330,0,1518,1112
SAMPLE_072_x1098_y768,SAMPLE_072,1098,768,1354,1024,330,0,1518,1112
SAMPLE_072_x1262_y768,SAMPLE_072,1262,768,1518,1024,330,0,1518,1112
SAMPLE_072_x330_y856,SAMPLE_072,330,856,586,1112,330,0,1518,1112
SAMPLE_072_x522_y856,SAMPLE_072,522,856,778,1112,330,0,1518,1112
SAMPLE_072_x714_y856,SAMPLE_072,714,856,970,1112,330,0,1518,1112
SAMPLE_072_x906_y856,SAMPLE_072,906,856,1162,1112,330,0,1518,1112
SAMPLE_072_x1098_y856,SAMPLE_072,1098,856,1354,1112,330,0,1518,1112
SAMPLE_072_x1262_y856,SAMPLE_072,1262,856,1518,1112,330,0,1518,1112
SAMPLE_073_x355_y0,SAMPLE_073,355,0,611,256,355,0,1575,1106
SAMPLE_073_x547_y0,SAMPLE_073,547,0,803,256,355,0,1575,1106
SAMPLE_073_x739_y0,SAMPLE_073,739,0,995,256,355,0,1575,1106
SAMPLE_073_x931_y0,SAMPLE_073,931,0,1187,256,355,0,1575,1106
SAMPLE_073_x1123_y0,SAMPLE_073,1123,0,1379,256,355,0,1575,1106
SAMPLE_073_x1315_y0,SAMPLE_073,1315,0,1571,256,355,0,1575,1106
SAMPLE_073_x1319_y0,SAMPLE_073,1319,0,1575,256,355,0,1575,1106
SAMPLE_073_x355_y192,SAMPLE_073,355,192,611,448,355,0,1575,1106
SAMPLE_073_x547_y192,SAMPLE_073,547,192,803,448,355,0,1575,1106
SAMPLE_073_x739_y192,SAMPLE_073,739,192,995,448,355,0,1575,1106
SAMPLE_073_x931_y192,SAMPLE_073,931,192,1187,448,355,0,1575,1106
SAMPLE_073_x1123_y192,SAMPLE_073,1123,192,1379,448,355,0,1575,1106
SAMPLE_073_x1315_y192,SAMPLE_073,1315,192,1571,448,355,0,1575,1106
SAMPLE_073_x1319_y192,SAMPLE_073,1319,192,1575,448,355,0,1575,1106
SAMPLE_073_x355_y384,SAMPLE_073,355,384,611,640,355,0,1575,1106
SAMPLE_073_x547_y384,SAMPLE_073,547,384,803,640,355,0,1575,1106
SAMPLE_073_x739_y384,SAMPLE_073,739,384,995,640,355,0,1575,1106
SAMPLE_073_x931_y384,SAMPLE_073,931,384,1187,640,355,0,1575,1106
SAMPLE_073_x1123_y384,SAMPLE_073,1123,384,1379,640,355,0,1575,1106
SAMPLE_073_x1315_y384,SAMPLE_073,1315,384,1571,640,355,0,1575,1106
SAMPLE_073_x1319_y384,SAMPLE_073,1319,384,1575,640,355,0,1575,1106
SAMPLE_073_x355_y576,SAMPLE_073,355,576,611,832,355,0,1575,1106
SAMPLE_073_x547_y576,SAMPLE_073,547,576,803,832,355,0,1575,1106
SAMPLE_073_x739_y576,SAMPLE_073,739,576,995,832,355,0,1575,1106
SAMPLE_073_x931_y576,SAMPLE_073,931,576,1187,832,355,0,1575,1106
SAMPLE_073_x1123_y576,SAMPLE_073,1123,576,1379,832,355,0,1575,1106
SAMPLE_073_x1315_y576,SAMPLE_073,1315,576,1571,832,355,0,1575,1106
SAMPLE_073_x1319_y576,SAMPLE_073,1319,576,1575,832,355,0,1575,1106
SAMPLE_073_x355_y768,SAMPLE_073,355,768,611,1024,355,0,1575,1106
SAMPLE_073_x547_y768,SAMPLE_073,547,768,803,1024,355,0,1575,1106
SAMPLE_073_x739_y768,SAMPLE_073,739,768,995,1024,355,0,1575,1106
SAMPLE_073_x931_y768,SAMPLE_073,931,768,1187,1024,355,0,1575,1106
SAMPLE_073_x1123_y768,SAMPLE_073,1123,768,1379,1024,355,0,1575,1106
SAMPLE_073_x1315_y768,SAMPLE_073,1315,768,1571,1024,355,0,1575,1106
SAMPLE_073_x1319_y768,SAMPLE_073,1319,768,1575,1024,355,0,1575,1106
SAMPLE_073_x355_y850,SAMPLE_073,355,850,611,1106,355,0,1575,1106
SAMPLE_073_x547_y850,SAMPLE_073,547,850,803,1106,355,0,1575,1106
SAMPLE_073_x739_y850,SAMPLE_073,739,850,995,1106,355,0,1575,1106
SAMPLE_073_x931_y850,SAMPLE_073,931,850,1187,1106,355,0,1575,1106
SAMPLE_073_x1123_y850,SAMPLE_073,1123,850,1379,1106,355,0,1575,1106
SAMPLE_073_x1315_y850,SAMPLE_073,1315,850,1571,1106,355,0,1575,1106
SAMPLE_073_x1319_y850,SAMPLE_073,1319,850,1575,1106,355,0,1575,1106
SAMPLE_074_x325_y0,SAMPLE_074,325,0,581,256,325,0,1590,1120
SAMPLE_074_x517_y0,SAMPLE_074,517,0,773,256,325,0,1590,1120
SAMPLE_074_x709_y0,SAMPLE_074,709,0,965,256,325,0,1590,1120
SAMPLE_074_x901_y0,SAMPLE_074,901,0,1157,256,325,0,1590,1120
SAMPLE_074_x1093_y0,SAMPLE_074,1093,0,1349,256,325,0,1590,1120
SAMPLE_074_x1285_y0,SAMPLE_074,1285,0,1541,256,325,0,1590,1120
SAMPLE_074_x1334_y0,SAMPLE_074,1334,0,1590,256,325,0,1590,1120
SAMPLE_074_x325_y192,SAMPLE_074,325,192,581,448,325,0,1590,1120
SAMPLE_074_x517_y192,SAMPLE_074,517,192,773,448,325,0,1590,1120
SAMPLE_074_x709_y192,SAMPLE_074,709,192,965,448,325,0,1590,1120
SAMPLE_074_x901_y192,SAMPLE_074,901,192,1157,448,325,0,1590,1120
SAMPLE_074_x1093_y192,SAMPLE_074,1093,192,1349,448,325,0,1590,1120
SAMPLE_074_x1285_y192,SAMPLE_074,1285,192,1541,448,325,0,1590,1120
SAMPLE_074_x1334_y192,SAMPLE_074,1334,192,1590,448,325,0,1590,1120
SAMPLE_074_x325_y384,SAMPLE_074,325,384,581,640,325,0,1590,1120
SAMPLE_074_x517_y384,SAMPLE_074,517,384,773,640,325,0,1590,1120
SAMPLE_074_x709_y384,SAMPLE_074,709,384,965,640,325,0,1590,1120
SAMPLE_074_x901_y384,SAMPLE_074,901,384,1157,640,325,0,1590,1120
SAMPLE_074_x1093_y384,SAMPLE_074,1093,384,1349,640,325,0,1590,1120
SAMPLE_074_x1285_y384,SAMPLE_074,1285,384,1541,640,325,0,1590,1120
SAMPLE_074_x1334_y384,SAMPLE_074,1334,384,1590,640,325,0,1590,1120
SAMPLE_074_x325_y576,SAMPLE_074,325,576,581,832,325,0,1590,1120
SAMPLE_074_x517_y576,SAMPLE_074,517,576,773,832,325,0,1590,1120
SAMPLE_074_x709_y576,SAMPLE_074,709,576,965,832,325,0,1590,1120
SAMPLE_074_x901_y576,SAMPLE_074,901,576,1157,832,325,0,1590,1120
SAMPLE_074_x1093_y576,SAMPLE_074,1093,576,1349,832,325,0,1590,1120
SAMPLE_074_x1285_y576,SAMPLE_074,1285,576,1541,832,325,0,1590,1120
SAMPLE_074_x1334_y576,SAMPLE_074,1334,576,1590,832,325,0,1590,1120
SAMPLE_074_x325_y768,SAMPLE_074,325,768,581,1024,325,0,1590,1120
SAMPLE_074_x517_y768,SAMPLE_074,517,768,773,1024,325,0,1590,1120
SAMPLE_074_x709_y768,SAMPLE_074,709,768,965,1024,325,0,1590,1120
SAMPLE_074_x901_y768,SAMPLE_074,901,768,1157,1024,325,0,1590,1120
SAMPLE_074_x1093_y768,SAMPLE_074,1093,768,1349,1024,325,0,1590,1120
SAMPLE_074_x1285_y768,SAMPLE_074,1285,768,1541,1024,325,0,1590,1120
SAMPLE_074_x1334_y768,SAMPLE_074,1334,768,1590,1024,325,0,1590,1120
SAMPLE_074_x325_y864,SAMPLE_074,325,864,581,1120,325,0,1590,1120
SAMPLE_074_x517_y864,SAMPLE_074,517,864,773,1120,325,0,1590,1120
SAMPLE_074_x709_y864,SAMPLE_074,709,864,965,1120,325,0,1590,1120
SAMPLE_074_x901_y864,SAMPLE_074,901,864,1157,1120,325,0,1590,1120
SAMPLE_074_x1093_y864,SAMPLE_074,1093,864,1349,1120,325,0,1590,1120
SAMPLE_074_x1285_y864,SAMPLE_074,1285,864,1541,1120,325,0,1590,1120
SAMPLE_074_x1334_y864,SAMPLE_074,1334,864,1590,1120,325,0,1590,1120
SAMPLE_075_x438_y11,SAMPLE_075,438,11,694,267,438,11,1520,1094
SAMPLE_075_x630_y11,SAMPLE_075,630,11,886,267,438,11,1520,1094
SAMPLE_075_x822_y11,SAMPLE_075,822,11,1078,267,438,11,1520,1094
SAMPLE_075_x1014_y11,SAMPLE_075,1014,11,1270,267,438,11,1520,1094
SAMPLE_075_x1206_y11,SAMPLE_075,1206,11,1462,267,438,11,1520,1094
SAMPLE_075_x1264_y11,SAMPLE_075,1264,11,1520,267,438,11,1520,1094
SAMPLE_075_x438_y203,SAMPLE_075,438,203,694,459,438,11,1520,1094
SAMPLE_075_x630_y203,SAMPLE_075,630,203,886,459,438,11,1520,1094
SAMPLE_075_x822_y203,SAMPLE_075,822,203,1078,459,438,11,1520,1094
SAMPLE_075_x1014_y203,SAMPLE_075,1014,203,1270,459,438,11,1520,1094
SAMPLE_075_x1206_y203,SAMPLE_075,1206,203,1462,459,438,11,1520,1094
SAMPLE_075_x1264_y203,SAMPLE_075,1264,203,1520,459,438,11,1520,1094
SAMPLE_075_x438_y395,SAMPLE_075,438,395,694,651,438,11,1520,1094
SAMPLE_075_x630_y395,SAMPLE_075,630,395,886,651,438,11,1520,1094
SAMPLE_075_x822_y395,SAMPLE_075,822,395,1078,651,438,11,1520,1094
SAMPLE_075_x1014_y395,SAMPLE_075,1014,395,1270,651,438,11,1520,1094
SAMPLE_075_x1206_y395,SAMPLE_075,1206,395,1462,651,438,11,1520,1094
SAMPLE_075_x1264_y395,SAMPLE_075,1264,395,1520,651,438,11,1520,1094
SAMPLE_075_x438_y587,SAMPLE_075,438,587,694,843,438,11,1520,1094
SAMPLE_075_x630_y587,SAMPLE_075,630,587,886,843,438,11,1520,1094
SAMPLE_075_x822_y587,SAMPLE_075,822,587,1078,843,438,11,1520,1094
SAMPLE_075_x1014_y587,SAMPLE_075,1014,587,1270,843,438,11,1520,1094
SAMPLE_075_x1206_y587,SAMPLE_075,1206,587,1462,843,438,11,1520,1094
SAMPLE_075_x1264_y587,SAMPLE_075,1264,587,1520,843,438,11,1520,1094
SAMPLE_075_x438_y779,SAMPLE_075,438,779,694,1035,438,11,1520,1094
SAMPLE_075_x630_y779,SAMPLE_075,630,779,886,1035,438,11,1520,1094
SAMPLE_075_x822_y779,SAMPLE_075,822,779,1078,1035,438,11,1520,1094
SAMPLE_075_x1014_y779,SAMPLE_075,1014,779,1270,1035,438,11,1520,1094
SAMPLE_075_x1206_y779,SAMPLE_075,1206,779,1462,1035,438,11,1520,1094
SAMPLE_075_x1264_y779,SAMPLE_075,1264,779,1520,1035,438,11,1520,1094
SAMPLE_075_x438_y838,SAMPLE_075,438,838,694,1094,438,11,1520,1094
SAMPLE_075_x630_y838,SAMPLE_075,630,838,886,1094,438,11,1520,1094
SAMPLE_075_x822_y838,SAMPLE_075,822,838,1078,1094,438,11,1520,1094
SAMPLE_075_x1014_y838,SAMPLE_075,1014,838,1270,1094,438,11,1520,1094
SAMPLE_075_x1206_y838,SAMPLE_075,1206,838,1462,1094,438,11,1520,1094
SAMPLE_075_x1264_y838,SAMPLE_075,1264,838,1520,1094,438,11,1520,1094
SAMPLE_076_x399_y29,SAMPLE_076,399,29,655,285,399,29,1552,1166
SAMPLE_076_x591_y29,SAMPLE_076,591,29,847,285,399,29,1552,1166
SAMPLE_076_x783_y29,SAMPLE_076,783,29,1039,285,399,29,1552,1166
SAMPLE_076_x975_y29,SAMPLE_076,975,29,1231,285,399,29,1552,1166
SAMPLE_076_x1167_y29,SAMPLE_076,1167,29,1423,285,399,29,1552,1166
SAMPLE_076_x1296_y29,SAMPLE_076,1296,29,1552,285,399,29,1552,1166
SAMPLE_076_x399_y221,SAMPLE_076,399,221,655,477,399,29,1552,1166
SAMPLE_076_x591_y221,SAMPLE_076,591,221,847,477,399,29,1552,1166
SAMPLE_076_x783_y221,SAMPLE_076,783,221,1039,477,399,29,1552,1166
SAMPLE_076_x975_y221,SAMPLE_076,975,221,1231,477,399,29,1552,1166
SAMPLE_076_x1167_y221,SAMPLE_076,1167,221,1423,477,399,29,1552,1166
SAMPLE_076_x1296_y221,SAMPLE_076,1296,221,1552,477,399,29,1552,1166
SAMPLE_076_x399_y413,SAMPLE_076,399,413,655,669,399,29,1552,1166
SAMPLE_076_x591_y413,SAMPLE_076,591,413,847,669,399,29,1552,1166
SAMPLE_076_x783_y413,SAMPLE_076,783,413,1039,669,399,29,1552,1166
SAMPLE_076_x975_y413,SAMPLE_076,975,413,1231,669,399,29,1552,1166
SAMPLE_076_x1167_y413,SAMPLE_076,1167,413,1423,669,399,29,1552,1166
SAMPLE_076_x1296_y413,SAMPLE_076,1296,413,1552,669,399,29,1552,1166
SAMPLE_076_x399_y605,SAMPLE_076,399,605,655,861,399,29,1552,1166
SAMPLE_076_x591_y605,SAMPLE_076,591,605,847,861,399,29,1552,1166
SAMPLE_076_x783_y605,SAMPLE_076,783,605,1039,861,399,29,1552,1166
SAMPLE_076_x975_y605,SAMPLE_076,975,605,1231,861,399,29,1552,1166
SAMPLE_076_x1167_y605,SAMPLE_076,1167,605,1423,861,399,29,1552,1166
SAMPLE_076_x1296_y605,SAMPLE_076,1296,605,1552,861,399,29,1552,1166
SAMPLE_076_x399_y797,SAMPLE_076,399,797,655,1053,399,29,1552,1166
SAMPLE_076_x591_y797,SAMPLE_076,591,797,847,1053,399,29,1552,1166
SAMPLE_076_x783_y797,SAMPLE_076,783,797,1039,1053,399,29,1552,1166
SAMPLE_076_x975_y797,SAMPLE_076,975,797,1231,1053,399,29,1552,1166
SAMPLE_076_x1167_y797,SAMPLE_076,1167,797,1423,1053,399,29,1552,1166
SAMPLE_076_x1296_y797,SAMPLE_076,1296,797,1552,1053,399,29,1552,1166
SAMPLE_076_x399_y910,SAMPLE_076,399,910,655,1166,399,29,1552,1166
SAMPLE_076_x591_y910,SAMPLE_076,591,910,847,1166,399,29,1552,1166
SAMPLE_076_x783_y910,SAMPLE_076,783,910,1039,1166,399,29,1552,1166
SAMPLE_076_x975_y910,SAMPLE_076,975,910,1231,1166,399,29,1552,1166
SAMPLE_076_x1167_y910,SAMPLE_076,1167,910,1423,1166,399,29,1552,1166
SAMPLE_076_x1296_y910,SAMPLE_076,1296,910,1552,1166,399,29,1552,1166
SAMPLE_077_x393_y29,SAMPLE_077,393,29,649,285,393,29,1553,1167
SAMPLE_077_x585_y29,SAMPLE_077,585,29,841,285,393,29,1553,1167
SAMPLE_077_x777_y29,SAMPLE_077,777,29,1033,285,393,29,1553,1167
SAMPLE_077_x969_y29,SAMPLE_077,969,29,1225,285,393,29,1553,1167
SAMPLE_077_x1161_y29,SAMPLE_077,1161,29,1417,285,393,29,1553,1167
SAMPLE_077_x1297_y29,SAMPLE_077,1297,29,1553,285,393,29,1553,1167
SAMPLE_077_x393_y221,SAMPLE_077,393,221,649,477,393,29,1553,1167
SAMPLE_077_x585_y221,SAMPLE_077,585,221,841,477,393,29,1553,1167
SAMPLE_077_x777_y221,SAMPLE_077,777,221,1033,477,393,29,1553,1167
SAMPLE_077_x969_y221,SAMPLE_077,969,221,1225,477,393,29,1553,1167
SAMPLE_077_x1161_y221,SAMPLE_077,1161,221,1417,477,393,29,1553,1167
SAMPLE_077_x1297_y221,SAMPLE_077,1297,221,1553,477,393,29,1553,1167
SAMPLE_077_x393_y413,SAMPLE_077,393,413,649,669,393,29,1553,1167
SAMPLE_077_x585_y413,SAMPLE_077,585,413,841,669,393,29,1553,1167
SAMPLE_077_x777_y413,SAMPLE_077,777,413,1033,669,393,29,1553,1167
SAMPLE_077_x969_y413,SAMPLE_077,969,413,1225,669,393,29,1553,1167
SAMPLE_077_x1161_y413,SAMPLE_077,1161,413,1417,669,393,29,1553,1167
SAMPLE_077_x1297_y413,SAMPLE_077,1297,413,1553,669,393,29,1553,1167
SAMPLE_077_x393_y605,SAMPLE_077,393,605,649,861,393,29,1553,1167
SAMPLE_077_x585_y605,SAMPLE_077,585,605,841,861,393,29,1553,1167
SAMPLE_077_x777_y605,SAMPLE_077,777,605,1033,861,393,29,1553,1167
SAMPLE_077_x969_y605,SAMPLE_077,969,605,1225,861,393,29,1553,1167
SAMPLE_077_x1161_y605,SAMPLE_077,1161,605,1417,861,393,29,1553,1167
SAMPLE_077_x1297_y605,SAMPLE_077,1297,605,1553,861,393,29,1553,1167
SAMPLE_077_x393_y797,SAMPLE_077,393,797,649,1053,393,29,1553,1167
SAMPLE_077_x585_y797,SAMPLE_077,585,797,841,1053,393,29,1553,1167
SAMPLE_077_x777_y797,SAMPLE_077,777,797,1033,1053,393,29,1553,1167
SAMPLE_077_x969_y797,SAMPLE_077,969,797,1225,1053,393,29,1553,1167
SAMPLE_077_x1161_y797,SAMPLE_077,1161,797,1417,1053,393,29,1553,1167
SAMPLE_077_x1297_y797,SAMPLE_077,1297,797,1553,1053,393,29,1553,1167
SAMPLE_077_x393_y911,SAMPLE_077,393,911,649,1167,393,29,1553,1167
SAMPLE_077_x585_y911,SAMPLE_077,585,911,841,1167,393,29,1553,1167
SAMPLE_077_x777_y911,SAMPLE_077,777,911,1033,1167,393,29,1553,1167
SAMPLE_077_x969_y911,SAMPLE_077,969,911,1225,1167,393,29,1553,1167
SAMPLE_077_x1161_y911,SAMPLE_077,1161,911,1417,1167,393,29,1553,1167
SAMPLE_077_x1297_y911,SAMPLE_077,1297,911,1553,1167,393,29,1553,1167
SAMPLE_078_x384_y29,SAMPLE_078,384,29,640,285,384,29,1552,1166
SAMPLE_078_x576_y29,SAMPLE_078,576,29,832,285,384,29,1552,1166
SAMPLE_078_x768_y29,SAMPLE_078,768,29,1024,285,384,29,1552,1166
SAMPLE_078_x960_y29,SAMPLE_078,960,29,1216,285,384,29,1552,1166
SAMPLE_078_x1152_y29,SAMPLE_078,1152,29,1408,285,384,29,1552,1166
SAMPLE_078_x1296_y29,SAMPLE_078,1296,29,1552,285,384,29,1552,1166
SAMPLE_078_x384_y221,SAMPLE_078,384,221,640,477,384,29,1552,1166
SAMPLE_078_x576_y221,SAMPLE_078,576,221,832,477,384,29,1552,1166
SAMPLE_078_x768_y221,SAMPLE_078,768,221,1024,477,384,29,1552,1166
SAMPLE_078_x960_y221,SAMPLE_078,960,221,1216,477,384,29,1552,1166
SAMPLE_078_x1152_y221,SAMPLE_078,1152,221,1408,477,384,29,1552,1166
SAMPLE_078_x1296_y221,SAMPLE_078,1296,221,1552,477,384,29,1552,1166
SAMPLE_078_x384_y413,SAMPLE_078,384,413,640,669,384,29,1552,1166
SAMPLE_078_x576_y413,SAMPLE_078,576,413,832,669,384,29,1552,1166
SAMPLE_078_x768_y413,SAMPLE_078,768,413,1024,669,384,29,1552,1166
SAMPLE_078_x960_y413,SAMPLE_078,960,413,1216,669,384,29,1552,1166
SAMPLE_078_x1152_y413,SAMPLE_078,1152,413,1408,669,384,29,1552,1166
SAMPLE_078_x1296_y413,SAMPLE_078,1296,413,1552,669,384,29,1552,1166
SAMPLE_078_x384_y605,SAMPLE_078,384,605,640,861,384,29,1552,1166
SAMPLE_078_x576_y605,SAMPLE_078,576,605,832,861,384,29,1552,1166
SAMPLE_078_x768_y605,SAMPLE_078,768,605,1024,861,384,29,1552,1166
SAMPLE_078_x960_y605,SAMPLE_078,960,605,1216,861,384,29,1552,1166
SAMPLE_078_x1152_y605,SAMPLE_078,1152,605,1408,861,384,29,1552,1166
SAMPLE_078_x1296_y605,SAMPLE_078,1296,605,1552,861,384,29,1552,1166
SAMPLE_078_x384_y797,SAMPLE_078,384,797,640,1053,384,29,1552,1166
SAMPLE_078_x576_y797,SAMPLE_078,576,797,832,1053,384,29,1552,1166
SAMPLE_078_x768_y797,SAMPLE_078,768,797,1024,1053,384,29,1552,1166
SAMPLE_078_x960_y797,SAMPLE_078,960,797,1216,1053,384,29,1552,1166
SAMPLE_078_x1152_y797,SAMPLE_078,1152,797,1408,1053,384,29,1552,1166
SAMPLE_078_x1296_y797,SAMPLE_078,1296,797,1552,1053,384,29,1552,1166
SAMPLE_078_x384_y910,SAMPLE_078,384,910,640,1166,384,29,1552,1166
SAMPLE_078_x576_y910,SAMPLE_078,576,910,832,1166,384,29,1552,1166
SAMPLE_078_x768_y910,SAMPLE_078,768,910,1024,1166,384,29,1552,1166
SAMPLE_078_x960_y910,SAMPLE_078,960,910,1216,1166,384,29,1552,1166
SAMPLE_078_x1152_y910,SAMPLE_078,1152,910,1408,1166,384,29,1552,1166
SAMPLE_078_x1296_y910,SAMPLE_078,1296,910,1552,1166,384,29,1552,1166
SAMPLE_079_x398_y14,SAMPLE_079,398,14,654,270,398,14,1552,1146
SAMPLE_079_x590_y14,SAMPLE_079,590,14,846,270,398,14,1552,1146
SAMPLE_079_x782_y14,SAMPLE_079,782,14,1038,270,398,14,1552,1146
SAMPLE_079_x974_y14,SAMPLE_079,974,14,1230,270,398,14,1552,1146
SAMPLE_079_x1166_y14,SAMPLE_079,1166,14,1422,270,398,14,1552,1146
SAMPLE_079_x1296_y14,SAMPLE_079,1296,14,1552,270,398,14,1552,1146
SAMPLE_079_x398_y206,SAMPLE_079,398,206,654,462,398,14,1552,1146
SAMPLE_079_x590_y206,SAMPLE_079,590,206,846,462,398,14,1552,1146
SAMPLE_079_x782_y206,SAMPLE_079,782,206,1038,462,398,14,1552,1146
SAMPLE_079_x974_y206,SAMPLE_079,974,206,1230,462,398,14,1552,1146
SAMPLE_079_x1166_y206,SAMPLE_079,1166,206,1422,462,398,14,1552,1146
SAMPLE_079_x1296_y206,SAMPLE_079,1296,206,1552,462,398,14,1552,1146
SAMPLE_079_x398_y398,SAMPLE_079,398,398,654,654,398,14,1552,1146
SAMPLE_079_x590_y398,SAMPLE_079,590,398,846,654,398,14,1552,1146
SAMPLE_079_x782_y398,SAMPLE_079,782,398,1038,654,398,14,1552,1146
SAMPLE_079_x974_y398,SAMPLE_079,974,398,1230,654,398,14,1552,1146
SAMPLE_079_x1166_y398,SAMPLE_079,1166,398,1422,654,398,14,1552,1146
SAMPLE_079_x1296_y398,SAMPLE_079,1296,398,1552,654,398,14,1552,1146
SAMPLE_079_x398_y590,SAMPLE_079,398,590,654,846,398,14,1552,1146
SAMPLE_079_x590_y590,SAMPLE_079,590,590,846,846,398,14,1552,1146
SAMPLE_079_x782_y590,SAMPLE_079,782,590,1038,846,398,14,1552,1146
SAMPLE_079_x974_y590,SAMPLE_079,974,590,1230,846,398,14,1552,1146
SAMPLE_079_x1166_y590,SAMPLE_079,1166,590,1422,846,398,14,1552,1146
SAMPLE_079_x1296_y590,SAMPLE_079,1296,590,1552,846,398,14,1552,1146
SAMPLE_079_x398_y782,SAMPLE_079,398,782,654,1038,398,14,1552,1146
SAMPLE_079_x590_y782,SAMPLE_079,590,782,846,1038,398,14,1552,1146
SAMPLE_079_x782_y782,SAMPLE_079,782,782,1038,1038,398,14,1552,1146
SAMPLE_079_x974_y782,SAMPLE_079,974,782,1230,1038,398,14,1552,1146
SAMPLE_079_x1166_y782,SAMPLE_079,1166,782,1422,1038,398,14,1552,1146
SAMPLE_079_x1296_y782,SAMPLE_079,1296,782,1552,1038,398,14,1552,1146
SAMPLE_079_x398_y890,SAMPLE_079,398,890,654,1146,398,14,1552,1146
SAMPLE_079_x590_y890,SAMPLE_079,590,890,846,1146,398,14,1552,1146
SAMPLE_079_x782_y890,SAMPLE_079,782,890,1038,1146,398,14,1552,1146
SAMPLE_079_x974_y890,SAMPLE_079,974,890,1230,1146,398,14,1552,1146
SAMPLE_079_x1166_y890,SAMPLE_079,1166,890,1422,1146,398,14,1552,1146
SAMPLE_079_x1296_y890,SAMPLE_079,1296,890,1552,1146,398,14,1552,1146
SAMPLE_080_x393_y14,SAMPLE_080,393,14,649,270,393,14,1551,1146
SAMPLE_080_x585_y14,SAMPLE_080,585,14,841,270,393,14,1551,1146
SAMPLE_080_x777_y14,SAMPLE_080,777,14,1033,270,393,14,1551,1146
SAMPLE_080_x969_y14,SAMPLE_080,969,14,1225,270,393,14,1551,1146
SAMPLE_080_x1161_y14,SAMPLE_080,1161,14,1417,270,393,14,1551,1146
SAMPLE_080_x1295_y14,SAMPLE_080,1295,14,1551,270,393,14,1551,1146
SAMPLE_080_x393_y206,SAMPLE_080,393,206,649,462,393,14,1551,1146
SAMPLE_080_x585_y206,SAMPLE_080,585,206,841,462,393,14,1551,1146
SAMPLE_080_x777_y206,SAMPLE_080,777,206,1033,462,393,14,1551,1146
SAMPLE_080_x969_y206,SAMPLE_080,969,206,1225,462,393,14,1551,1146
SAMPLE_080_x1161_y206,SAMPLE_080,1161,206,1417,462,393,14,1551,1146
SAMPLE_080_x1295_y206,SAMPLE_080,1295,206,1551,462,393,14,1551,1146
SAMPLE_080_x393_y398,SAMPLE_080,393,398,649,654,393,14,1551,1146
SAMPLE_080_x585_y398,SAMPLE_080,585,398,841,654,393,14,1551,1146
SAMPLE_080_x777_y398,SAMPLE_080,777,398,1033,654,393,14,1551,1146
SAMPLE_080_x969_y398,SAMPLE_080,969,398,1225,654,393,14,1551,1146
SAMPLE_080_x1161_y398,SAMPLE_080,1161,398,1417,654,393,14,1551,1146
SAMPLE_080_x1295_y398,SAMPLE_080,1295,398,1551,654,393,14,1551,1146
SAMPLE_080_x393_y590,SAMPLE_080,393,590,649,846,393,14,1551,1146
SAMPLE_080_x585_y590,SAMPLE_080,585,590,841,846,393,14,1551,1146
SAMPLE_080_x777_y590,SAMPLE_080,777,590,1033,846,393,14,1551,1146
SAMPLE_080_x969_y590,SAMPLE_080,969,590,1225,846,393,14,1551,1146
SAMPLE_080_x1161_y590,SAMPLE_080,1161,590,1417,846,393,14,1551,1146
SAMPLE_080_x1295_y590,SAMPLE_080,1295,590,1551,846,393,14,1551,1146
SAMPLE_080_x393_y782,SAMPLE_080,393,782,649,1038,393,14,1551,1146
SAMPLE_080_x585_y782,SAMPLE_080,585,782,841,1038,393,14,1551,1146
SAMPLE_080_x777_y782,SAMPLE_080,777,782,1033,1038,393,14,1551,1146
SAMPLE_080_x969_y782,SAMPLE_080,969,782,1225,1038,393,14,1551,1146
SAMPLE_080_x1161_y782,SAMPLE_080,1161,782,1417,1038,393,14,1551,1146
SAMPLE_080_x1295_y782,SAMPLE_080,1295,782,1551,1038,393,14,1551,1146
SAMPLE_080_x393_y890,SAMPLE_080,393,890,649,1146,393,14,1551,1146
SAMPLE_080_x585_y890,SAMPLE_080,585,890,841,1146,393,14,1551,1146
SAMPLE_080_x777_y890,SAMPLE_080,777,890,1033,1146,393,14,1551,1146
SAMPLE_080_x969_y890,SAMPLE_080,969,890,1225,1146,393,14,1551,1146
SAMPLE_080_x1161_y890,SAMPLE_080,1161,890,1417,1146,393,14,1551,1146
SAMPLE_080_x1295_y890,SAMPLE_080,1295,890,1551,1146,393,14,1551,1146
SAMPLE_081_x394_y14,SAMPLE_081,394,14,650,270,394,14,1551,1146
SAMPLE_081_x586_y14,SAMPLE_081,586,14,842,270,394,14,1551,1146
SAMPLE_081_x778_y14,SAMPLE_081,778,14,1034,270,394,14,1551,1146
SAMPLE_081_x970_y14,SAMPLE_081,970,14,1226,270,394,14,1551,1146
SAMPLE_081_x1162_y14,SAMPLE_081,1162,14,1418,270,394,14,1551,1146
SAMPLE_081_x1295_y14,SAMPLE_081,1295,14,1551,270,394,14,1551,1146
SAMPLE_081_x394_y206,SAMPLE_081,394,206,650,462,394,14,1551,1146
SAMPLE_081_x586_y206,SAMPLE_081,586,206,842,462,394,14,1551,1146
SAMPLE_081_x778_y206,SAMPLE_081,778,206,1034,462,394,14,1551,1146
SAMPLE_081_x970_y206,SAMPLE_081,970,206,1226,462,394,14,1551,1146
SAMPLE_081_x1162_y206,SAMPLE_081,1162,206,1418,462,394,14,1551,1146
SAMPLE_081_x1295_y206,SAMPLE_081,1295,206,1551,462,394,14,1551,1146
SAMPLE_081_x394_y398,SAMPLE_081,394,398,650,654,394,14,1551,1146
SAMPLE_081_x586_y398,SAMPLE_081,586,398,842,654,394,14,1551,1146
SAMPLE_081_x778_y398,SAMPLE_081,778,398,1034,654,394,14,1551,1146
SAMPLE_081_x970_y398,SAMPLE_081,970,398,1226,654,394,14,1551,1146
SAMPLE_081_x1162_y398,SAMPLE_081,1162,398,1418,654,394,14,1551,1146
SAMPLE_081_x1295_y398,SAMPLE_081,1295,398,1551,654,394,14,1551,1146
SAMPLE_081_x394_y590,SAMPLE_081,394,590,650,846,394,14,1551,1146
SAMPLE_081_x586_y590,SAMPLE_081,586,590,842,846,394,14,1551,1146
SAMPLE_081_x778_y590,SAMPLE_081,778,590,1034,846,394,14,1551,1146
SAMPLE_081_x970_y590,SAMPLE_081,970,590,1226,846,394,14,1551,1146
SAMPLE_081_x1162_y590,SAMPLE_081,1162,590,1418,846,394,14,1551,1146
SAMPLE_081_x1295_y590,SAMPLE_081,1295,590,1551,846,394,14,1551,1146
SAMPLE_081_x394_y782,SAMPLE_081,394,782,650,1038,394,14,1551,1146
SAMPLE_081_x586_y782,SAMPLE_081,586,782,842,1038,394,14,1551,1146
SAMPLE_081_x778_y782,SAMPLE_081,778,782,1034,1038,394,14,1551,1146
SAMPLE_081_x970_y782,SAMPLE_081,970,782,1226,1038,394,14,1551,1146
SAMPLE_081_x1162_y782,SAMPLE_081,1162,782,1418,1038,394,14,1551,1146
SAMPLE_081_x1295_y782,SAMPLE_081,1295,782,1551,1038,394,14,1551,1146
SAMPLE_081_x394_y890,SAMPLE_081,394,890,650,1146,394,14,1551,1146
SAMPLE_081_x586_y890,SAMPLE_081,586,890,842,1146,394,14,1551,1146
SAMPLE_081_x778_y890,SAMPLE_081,778,890,1034,1146,394,14,1551,1146
SAMPLE_081_x970_y890,SAMPLE_081,970,890,1226,1146,394,14,1551,1146
SAMPLE_081_x1162_y890,SAMPLE_081,1162,890,1418,1146,394,14,1551,1146
SAMPLE_081_x1295_y890,SAMPLE_081,1295,890,1551,1146,394,14,1551,1146
SAMPLE_082_x394_y15,SAMPLE_082,394,15,650,271,394,15,1511,1113
SAMPLE_082_x586_y15,SAMPLE_082,586,15,842,271,394,15,1511,1113
SAMPLE_082_x778_y15,SAMPLE_082,778,15,1034,271,394,15,1511,1113
SAMPLE_082_x970_y15,SAMPLE_082,970,15,1226,271,394,15,1511,1113
SAMPLE_082_x1162_y15,SAMPLE_082,1162,15,1418,271,394,15,1511,1113
SAMPLE_082_x1255_y15,SAMPLE_082,1255,15,1511,271,394,15,1511,1113
SAMPLE_082_x394_y207,SAMPLE_082,394,207,650,463,394,15,1511,1113
SAMPLE_082_x586_y207,SAMPLE_082,586,207,842,463,394,15,1511,1113
SAMPLE_082_x778_y207,SAMPLE_082,778,207,1034,463,394,15,1511,1113
SAMPLE_082_x970_y207,SAMPLE_082,970,207,1226,463,394,15,1511,1113
SAMPLE_082_x1162_y207,SAMPLE_082,1162,207,1418,463,394,15,1511,1113
SAMPLE_082_x1255_y207,SAMPLE_082,1255,207,1511,463,394,15,1511,1113
SAMPLE_082_x394_y399,SAMPLE_082,394,399,650,655,394,15,1511,1113
SAMPLE_082_x586_y399,SAMPLE_082,586,399,842,655,394,15,1511,1113
SAMPLE_082_x778_y399,SAMPLE_082,778,399,1034,655,394,15,1511,1113
SAMPLE_082_x970_y399,SAMPLE_082,970,399,1226,655,394,15,1511,1113
SAMPLE_082_x1162_y399,SAMPLE_082,1162,399,1418,655,394,15,1511,1113
SAMPLE_082_x1255_y399,SAMPLE_082,1255,399,1511,655,394,15,1511,1113
SAMPLE_082_x394_y591,SAMPLE_082,394,591,650,847,394,15,1511,1113
SAMPLE_082_x586_y591,SAMPLE_082,586,591,842,847,394,15,1511,1113
SAMPLE_082_x778_y591,SAMPLE_082,778,591,1034,847,394,15,1511,1113
SAMPLE_082_x970_y591,SAMPLE_082,970,591,1226,847,394,15,1511,1113
SAMPLE_082_x1162_y591,SAMPLE_082,1162,591,1418,847,394,15,1511,1113
SAMPLE_082_x1255_y591,SAMPLE_082,1255,591,1511,847,394,15,1511,1113
SAMPLE_082_x394_y783,SAMPLE_082,394,783,650,1039,394,15,1511,1113
SAMPLE_082_x586_y783,SAMPLE_082,586,783,842,1039,394,15,1511,1113
SAMPLE_082_x778_y783,SAMPLE_082,778,783,1034,1039,394,15,1511,1113
SAMPLE_082_x970_y783,SAMPLE_082,970,783,1226,1039,394,15,1511,1113
SAMPLE_082_x1162_y783,SAMPLE_082,1162,783,1418,1039,394,15,1511,1113
SAMPLE_082_x1255_y783,SAMPLE_082,1255,783,1511,1039,394,15,1511,1113
SAMPLE_082_x394_y857,SAMPLE_082,394,857,650,1113,394,15,1511,1113
SAMPLE_082_x586_y857,SAMPLE_082,586,857,842,1113,394,15,1511,1113
SAMPLE_082_x778_y857,SAMPLE_082,778,857,1034,1113,394,15,1511,1113
SAMPLE_082_x970_y857,SAMPLE_082,970,857,1226,1113,394,15,1511,1113
SAMPLE_082_x1162_y857,SAMPLE_082,1162,857,1418,1113,394,15,1511,1113
SAMPLE_082_x1255_y857,SAMPLE_082,1255,857,1511,1113,394,15,1511,1113
SAMPLE_083_x392_y12,SAMPLE_083,392,12,648,268,392,12,1511,1113
SAMPLE_083_x584_y12,SAMPLE_083,584,12,840,268,392,12,1511,1113
SAMPLE_083_x776_y12,SAMPLE_083,776,12,1032,268,392,12,1511,1113
SAMPLE_083_x968_y12,SAMPLE_083,968,12,1224,268,392,12,1511,1113
SAMPLE_083_x1160_y12,SAMPLE_083,1160,12,1416,268,392,12,1511,1113
SAMPLE_083_x1255_y12,SAMPLE_083,1255,12,1511,268,392,12,1511,1113
SAMPLE_083_x392_y204,SAMPLE_083,392,204,648,460,392,12,1511,1113
SAMPLE_083_x584_y204,SAMPLE_083,584,204,840,460,392,12,1511,1113
SAMPLE_083_x776_y204,SAMPLE_083,776,204,1032,460,392,12,1511,1113
SAMPLE_083_x968_y204,SAMPLE_083,968,204,1224,460,392,12,1511,1113
SAMPLE_083_x1160_y204,SAMPLE_083,1160,204,1416,460,392,12,1511,1113
SAMPLE_083_x1255_y204,SAMPLE_083,1255,204,1511,460,392,12,1511,1113
SAMPLE_083_x392_y396,SAMPLE_083,392,396,648,652,392,12,1511,1113
SAMPLE_083_x584_y396,SAMPLE_083,584,396,840,652,392,12,1511,1113
SAMPLE_083_x776_y396,SAMPLE_083,776,396,1032,652,392,12,1511,1113
SAMPLE_083_x968_y396,SAMPLE_083,968,396,1224,652,392,12,1511,1113
SAMPLE_083_x1160_y396,SAMPLE_083,1160,396,1416,652,392,12,1511,1113
SAMPLE_083_x1255_y396,SAMPLE_083,1255,396,1511,652,392,12,1511,1113
SAMPLE_083_x392_y588,SAMPLE_083,392,588,648,844,392,12,1511,1113
SAMPLE_083_x584_y588,SAMPLE_083,584,588,840,844,392,12,1511,1113
SAMPLE_083_x776_y588,SAMPLE_083,776,588,1032,844,392,12,1511,1113
SAMPLE_083_x968_y588,SAMPLE_083,968,588,1224,844,392,12,1511,1113
SAMPLE_083_x1160_y588,SAMPLE_083,1160,588,1416,844,392,12,1511,1113
SAMPLE_083_x1255_y588,SAMPLE_083,1255,588,1511,844,392,12,1511,1113
SAMPLE_083_x392_y780,SAMPLE_083,392,780,648,1036,392,12,1511,1113
SAMPLE_083_x584_y780,SAMPLE_083,584,780,840,1036,392,12,1511,1113
SAMPLE_083_x776_y780,SAMPLE_083,776,780,1032,1036,392,12,1511,1113
SAMPLE_083_x968_y780,SAMPLE_083,968,780,1224,1036,392,12,1511,1113
SAMPLE_083_x1160_y780,SAMPLE_083,1160,780,1416,1036,392,12,1511,1113
SAMPLE_083_x1255_y780,SAMPLE_083,1255,780,1511,1036,392,12,1511,1113
SAMPLE_083_x392_y857,SAMPLE_083,392,857,648,1113,392,12,1511,1113
SAMPLE_083_x584_y857,SAMPLE_083,584,857,840,1113,392,12,1511,1113
SAMPLE_083_x776_y857,SAMPLE_083,776,857,1032,1113,392,12,1511,1113
SAMPLE_083_x968_y857,SAMPLE_083,968,857,1224,1113,392,12,1511,1113
SAMPLE_083_x1160_y857,SAMPLE_083,1160,857,1416,1113,392,12,1511,1113
SAMPLE_083_x1255_y857,SAMPLE_083,1255,857,1511,1113,392,12,1511,1113
SAMPLE_084_x396_y13,SAMPLE_084,396,13,652,269,396,13,1529,1118
SAMPLE_084_x588_y13,SAMPLE_084,588,13,844,269,396,13,1529,1118
SAMPLE_084_x780_y13,SAMPLE_084,780,13,1036,269,396,13,1529,1118
SAMPLE_084_x972_y13,SAMPLE_084,972,13,1228,269,396,13,1529,1118
SAMPLE_084_x1164_y13,SAMPLE_084,1164,13,1420,269,396,13,1529,1118
SAMPLE_084_x1273_y13,SAMPLE_084,1273,13,1529,269,396,13,1529,1118
SAMPLE_084_x396_y205,SAMPLE_084,396,205,652,461,396,13,1529,1118
SAMPLE_084_x588_y205,SAMPLE_084,588,205,844,461,396,13,1529,1118
SAMPLE_084_x780_y205,SAMPLE_084,780,205,1036,461,396,13,1529,1118
SAMPLE_084_x972_y205,SAMPLE_084,972,205,1228,461,396,13,1529,1118
SAMPLE_084_x1164_y205,SAMPLE_084,1164,205,1420,461,396,13,1529,1118
SAMPLE_084_x1273_y205,SAMPLE_084,1273,205,1529,461,396,13,1529,1118
SAMPLE_084_x396_y397,SAMPLE_084,396,397,652,653,396,13,1529,1118
SAMPLE_084_x588_y397,SAMPLE_084,588,397,844,653,396,13,1529,1118
SAMPLE_084_x780_y397,SAMPLE_084,780,397,1036,653,396,13,1529,1118
SAMPLE_084_x972_y397,SAMPLE_084,972,397,1228,653,396,13,1529,1118
SAMPLE_084_x1164_y397,SAMPLE_084,1164,397,1420,653,396,13,1529,1118
SAMPLE_084_x1273_y397,SAMPLE_084,1273,397,1529,653,396,13,1529,1118
SAMPLE_084_x396_y589,SAMPLE_084,396,589,652,845,396,13,1529,1118
SAMPLE_084_x588_y589,SAMPLE_084,588,589,844,845,396,13,1529,1118
SAMPLE_084_x780_y589,SAMPLE_084,780,589,1036,845,396,13,1529,1118
SAMPLE_084_x972_y589,SAMPLE_084,972,589,1228,845,396,13,1529,1118
SAMPLE_084_x1164_y589,SAMPLE_084,1164,589,1420,845,396,13,1529,1118
SAMPLE_084_x1273_y589,SAMPLE_084,1273,589,1529,845,396,13,1529,1118
SAMPLE_084_x396_y781,SAMPLE_084,396,781,652,1037,396,13,1529,1118
SAMPLE_084_x588_y781,SAMPLE_084,588,781,844,1037,396,13,1529,1118
SAMPLE_084_x780_y781,SAMPLE_084,780,781,1036,1037,396,13,1529,1118
SAMPLE_084_x972_y781,SAMPLE_084,972,781,1228,1037,396,13,1529,1118
SAMPLE_084_x1164_y781,SAMPLE_084,1164,781,1420,1037,396,13,1529,1118
SAMPLE_084_x1273_y781,SAMPLE_084,1273,781,1529,1037,396,13,1529,1118
SAMPLE_084_x396_y862,SAMPLE_084,396,862,652,1118,396,13,1529,1118
SAMPLE_084_x588_y862,SAMPLE_084,588,862,844,1118,396,13,1529,1118
SAMPLE_084_x780_y862,SAMPLE_084,780,862,1036,1118,396,13,1529,1118
SAMPLE_084_x972_y862,SAMPLE_084,972,862,1228,1118,396,13,1529,1118
SAMPLE_084_x1164_y862,SAMPLE_084,1164,862,1420,1118,396,13,1529,1118
SAMPLE_084_x1273_y862,SAMPLE_084,1273,862,1529,1118,396,13,1529,1118
SAMPLE_085_x393_y15,SAMPLE_085,393,15,649,271,393,15,1528,1119
SAMPLE_085_x585_y15,SAMPLE_085,585,15,841,271,393,15,1528,1119
SAMPLE_085_x777_y15,SAMPLE_085,777,15,1033,271,393,15,1528,1119
SAMPLE_085_x969_y15,SAMPLE_085,969,15,1225,271,393,15,1528,1119
SAMPLE_085_x1161_y15,SAMPLE_085,1161,15,1417,271,393,15,1528,1119
SAMPLE_085_x1272_y15,SAMPLE_085,1272,15,1528,271,393,15,1528,1119
SAMPLE_085_x393_y207,SAMPLE_085,393,207,649,463,393,15,1528,1119
SAMPLE_085_x585_y207,SAMPLE_085,585,207,841,463,393,15,1528,1119
SAMPLE_085_x777_y207,SAMPLE_085,777,207,1033,463,393,15,1528,1119
SAMPLE_085_x969_y207,SAMPLE_085,969,207,1225,463,393,15,1528,1119
SAMPLE_085_x1161_y207,SAMPLE_085,1161,207,1417,463,393,15,1528,1119
SAMPLE_085_x1272_y207,SAMPLE_085,1272,207,1528,463,393,15,1528,1119
SAMPLE_085_x393_y399,SAMPLE_085,393,399,649,655,393,15,1528,1119
SAMPLE_085_x585_y399,SAMPLE_085,585,399,841,655,393,15,1528,1119
SAMPLE_085_x777_y399,SAMPLE_085,777,399,1033,655,393,15,1528,1119
SAMPLE_085_x969_y399,SAMPLE_085,969,399,1225,655,393,15,1528,1119
SAMPLE_085_x1161_y399,SAMPLE_085,1161,399,1417,655,393,15,1528,1119
SAMPLE_085_x1272_y399,SAMPLE_085,1272,399,1528,655,393,15,1528,1119
SAMPLE_085_x393_y591,SAMPLE_085,393,591,649,847,393,15,1528,1119
SAMPLE_085_x585_y591,SAMPLE_085,585,591,841,847,393,15,1528,1119
SAMPLE_085_x777_y591,SAMPLE_085,777,591,1033,847,393,15,1528,1119
SAMPLE_085_x969_y591,SAMPLE_085,969,591,1225,847,393,15,1528,1119
SAMPLE_085_x1161_y591,SAMPLE_085,1161,591,1417,847,393,15,1528,1119
SAMPLE_085_x1272_y591,SAMPLE_085,1272,591,1528,847,393,15,1528,1119
SAMPLE_085_x393_y783,SAMPLE_085,393,783,649,1039,393,15,1528,1119
SAMPLE_085_x585_y783,SAMPLE_085,585,783,841,1039,393,15,1528,1119
SAMPLE_085_x777_y783,SAMPLE_085,777,783,1033,1039,393,15,1528,1119
SAMPLE_085_x969_y783,SAMPLE_085,969,783,1225,1039,393,15,1528,1119
SAMPLE_085_x1161_y783,SAMPLE_085,1161,783,1417,1039,393,15,1528,1119
SAMPLE_085_x1272_y783,SAMPLE_085,1272,783,1528,1039,393,15,1528,1119
SAMPLE_085_x393_y863,SAMPLE_085,393,863,649,1119,393,15,1528,1119
SAMPLE_085_x585_y863,SAMPLE_085,585,863,841,1119,393,15,1528,1119
SAMPLE_085_x777_y863,SAMPLE_085,777,863,1033,1119,393,15,1528,1119
SAMPLE_085_x969_y863,SAMPLE_085,969,863,1225,1119,393,15,1528,1119
SAMPLE_085_x1161_y863,SAMPLE_085,1161,863,1417,1119,393,15,1528,1119
SAMPLE_085_x1272_y863,SAMPLE_085,1272,863,1528,1119,393,15,1528,1119
SAMPLE_086_x393_y14,SAMPLE_086,393,14,649,270,393,14,1555,1119
SAMPLE_086_x585_y14,SAMPLE_086,585,14,841,270,393,14,1555,1119
SAMPLE_086_x777_y14,SAMPLE_086,777,14,1033,270,393,14,1555,1119
SAMPLE_086_x969_y14,SAMPLE_086,969,14,1225,270,393,14,1555,1119
SAMPLE_086_x1161_y14,SAMPLE_086,1161,14,1417,270,393,14,1555,1119
SAMPLE_086_x1299_y14,SAMPLE_086,1299,14,1555,270,393,14,1555,1119
SAMPLE_086_x393_y206,SAMPLE_086,393,206,649,462,393,14,1555,1119
SAMPLE_086_x585_y206,SAMPLE_086,585,206,841,462,393,14,1555,1119
SAMPLE_086_x777_y206,SAMPLE_086,777,206,1033,462,393,14,1555,1119
SAMPLE_086_x969_y206,SAMPLE_086,969,206,1225,462,393,14,1555,1119
SAMPLE_086_x1161_y206,SAMPLE_086,1161,206,1417,462,393,14,1555,1119
SAMPLE_086_x1299_y206,SAMPLE_086,1299,206,1555,462,393,14,1555,1119
SAMPLE_086_x393_y398,SAMPLE_086,393,398,649,654,393,14,1555,1119
SAMPLE_086_x585_y398,SAMPLE_086,585,398,841,654,393,14,1555,1119
SAMPLE_086_x777_y398,SAMPLE_086,777,398,1033,654,393,14,1555,1119
SAMPLE_086_x969_y398,SAMPLE_086,969,398,1225,654,393,14,1555,1119
SAMPLE_086_x1161_y398,SAMPLE_086,1161,398,1417,654,393,14,1555,1119
SAMPLE_086_x1299_y398,SAMPLE_086,1299,398,1555,654,393,14,1555,1119
SAMPLE_086_x393_y590,SAMPLE_086,393,590,649,846,393,14,1555,1119
SAMPLE_086_x585_y590,SAMPLE_086,585,590,841,846,393,14,1555,1119
SAMPLE_086_x777_y590,SAMPLE_086,777,590,1033,846,393,14,1555,1119
SAMPLE_086_x969_y590,SAMPLE_086,969,590,1225,846,393,14,1555,1119
SAMPLE_086_x1161_y590,SAMPLE_086,1161,590,1417,846,393,14,1555,1119
SAMPLE_086_x1299_y590,SAMPLE_086,1299,590,1555,846,393,14,1555,1119
SAMPLE_086_x393_y782,SAMPLE_086,393,782,649,1038,393,14,1555,1119
SAMPLE_086_x585_y782,SAMPLE_086,585,782,841,1038,393,14,1555,1119
SAMPLE_086_x777_y782,SAMPLE_086,777,782,1033,1038,393,14,1555,1119
SAMPLE_086_x969_y782,SAMPLE_086,969,782,1225,1038,393,14,1555,1119
SAMPLE_086_x1161_y782,SAMPLE_086,1161,782,1417,1038,393,14,1555,1119
SAMPLE_086_x1299_y782,SAMPLE_086,1299,782,1555,1038,393,14,1555,1119
SAMPLE_086_x393_y863,SAMPLE_086,393,863,649,1119,393,14,1555,1119
SAMPLE_086_x585_y863,SAMPLE_086,585,863,841,1119,393,14,1555,1119
SAMPLE_086_x777_y863,SAMPLE_086,777,863,1033,1119,393,14,1555,1119
SAMPLE_086_x969_y863,SAMPLE_086,969,863,1225,1119,393,14,1555,1119
SAMPLE_086_x1161_y863,SAMPLE_086,1161,863,1417,1119,393,14,1555,1119
SAMPLE_086_x1299_y863,SAMPLE_086,1299,863,1555,1119,393,14,1555,1119
SAMPLE_087_x432_y16,SAMPLE_087,432,16,688,272,432,16,1554,1122
SAMPLE_087_x624_y16,SAMPLE_087,624,16,880,272,432,16,1554,1122
SAMPLE_087_x816_y16,SAMPLE_087,816,16,1072,272,432,16,1554,1122
SAMPLE_087_x1008_y16,SAMPLE_087,1008,16,1264,272,432,16,1554,1122
SAMPLE_087_x1200_y16,SAMPLE_087,1200,16,1456,272,432,16,1554,1122
SAMPLE_087_x1298_y16,SAMPLE_087,1298,16,1554,272,432,16,1554,1122
SAMPLE_087_x432_y208,SAMPLE_087,432,208,688,464,432,16,1554,1122
SAMPLE_087_x624_y208,SAMPLE_087,624,208,880,464,432,16,1554,1122
SAMPLE_087_x816_y208,SAMPLE_087,816,208,1072,464,432,16,1554,1122
SAMPLE_087_x1008_y208,SAMPLE_087,1008,208,1264,464,432,16,1554,1122
SAMPLE_087_x1200_y208,SAMPLE_087,1200,208,1456,464,432,16,1554,1122
SAMPLE_087_x1298_y208,SAMPLE_087,1298,208,1554,464,432,16,1554,1122
SAMPLE_087_x432_y400,SAMPLE_087,432,400,688,656,432,16,1554,1122
SAMPLE_087_x624_y400,SAMPLE_087,624,400,880,656,432,16,1554,1122
SAMPLE_087_x816_y400,SAMPLE_087,816,400,1072,656,432,16,1554,1122
SAMPLE_087_x1008_y400,SAMPLE_087,1008,400,1264,656,432,16,1554,1122
SAMPLE_087_x1200_y400,SAMPLE_087,1200,400,1456,656,432,16,1554,1122
SAMPLE_087_x1298_y400,SAMPLE_087,1298,400,1554,656,432,16,1554,1122
SAMPLE_087_x432_y592,SAMPLE_087,432,592,688,848,432,16,1554,1122
SAMPLE_087_x624_y592,SAMPLE_087,624,592,880,848,432,16,1554,1122
SAMPLE_087_x816_y592,SAMPLE_087,816,592,1072,848,432,16,1554,1122
SAMPLE_087_x1008_y592,SAMPLE_087,1008,592,1264,848,432,16,1554,1122
SAMPLE_087_x1200_y592,SAMPLE_087,1200,592,1456,848,432,16,1554,1122
SAMPLE_087_x1298_y592,SAMPLE_087,1298,592,1554,848,432,16,1554,1122
SAMPLE_087_x432_y784,SAMPLE_087,432,784,688,1040,432,16,1554,1122
SAMPLE_087_x624_y784,SAMPLE_087,624,784,880,1040,432,16,1554,1122
SAMPLE_087_x816_y784,SAMPLE_087,816,784,1072,1040,432,16,1554,1122
SAMPLE_087_x1008_y784,SAMPLE_087,1008,784,1264,1040,432,16,1554,1122
SAMPLE_087_x1200_y784,SAMPLE_087,1200,784,1456,1040,432,16,1554,1122
SAMPLE_087_x1298_y784,SAMPLE_087,1298,784,1554,1040,432,16,1554,1122
SAMPLE_087_x432_y866,SAMPLE_087,432,866,688,1122,432,16,1554,1122
SAMPLE_087_x624_y866,SAMPLE_087,624,866,880,1122,432,16,1554,1122
SAMPLE_087_x816_y866,SAMPLE_087,816,866,1072,1122,432,16,1554,1122
SAMPLE_087_x1008_y866,SAMPLE_087,1008,866,1264,1122,432,16,1554,1122
SAMPLE_087_x1200_y866,SAMPLE_087,1200,866,1456,1122,432,16,1554,1122
SAMPLE_087_x1298_y866,SAMPLE_087,1298,866,1554,1122,432,16,1554,1122
SAMPLE_088_x434_y12,SAMPLE_088,434,12,690,268,434,12,1536,1119
SAMPLE_088_x626_y12,SAMPLE_088,626,12,882,268,434,12,1536,1119
SAMPLE_088_x818_y12,SAMPLE_088,818,12,1074,268,434,12,1536,1119
SAMPLE_088_x1010_y12,SAMPLE_088,1010,12,1266,268,434,12,1536,1119
SAMPLE_088_x1202_y12,SAMPLE_088,1202,12,1458,268,434,12,1536,1119
SAMPLE_088_x1280_y12,SAMPLE_088,1280,12,1536,268,434,12,1536,1119
SAMPLE_088_x434_y204,SAMPLE_088,434,204,690,460,434,12,1536,1119
SAMPLE_088_x626_y204,SAMPLE_088,626,204,882,460,434,12,1536,1119
SAMPLE_088_x818_y204,SAMPLE_088,818,204,1074,460,434,12,1536,1119
SAMPLE_088_x1010_y204,SAMPLE_088,1010,204,1266,460,434,12,1536,1119
SAMPLE_088_x1202_y204,SAMPLE_088,1202,204,1458,460,434,12,1536,1119
SAMPLE_088_x1280_y204,SAMPLE_088,1280,204,1536,460,434,12,1536,1119
SAMPLE_088_x434_y396,SAMPLE_088,434,396,690,652,434,12,1536,1119
SAMPLE_088_x626_y396,SAMPLE_088,626,396,882,652,434,12,1536,1119
SAMPLE_088_x818_y396,SAMPLE_088,818,396,1074,652,434,12,1536,1119
SAMPLE_088_x1010_y396,SAMPLE_088,1010,396,1266,652,434,12,1536,1119
SAMPLE_088_x1202_y396,SAMPLE_088,1202,396,1458,652,434,12,1536,1119
SAMPLE_088_x1280_y396,SAMPLE_088,1280,396,1536,652,434,12,1536,1119
SAMPLE_088_x434_y588,SAMPLE_088,434,588,690,844,434,12,1536,1119
SAMPLE_088_x626_y588,SAMPLE_088,626,588,882,844,434,12,1536,1119
SAMPLE_088_x818_y588,SAMPLE_088,818,588,1074,844,434,12,1536,1119
SAMPLE_088_x1010_y588,SAMPLE_088,1010,588,1266,844,434,12,1536,1119
SAMPLE_088_x1202_y588,SAMPLE_088,1202,588,1458,844,434,12,1536,1119
SAMPLE_088_x1280_y588,SAMPLE_088,1280,588,1536,844,434,12,1536,1119
SAMPLE_088_x434_y780,SAMPLE_088,434,780,690,1036,434,12,1536,1119
SAMPLE_088_x626_y780,SAMPLE_088,626,780,882,1036,434,12,1536,1119
SAMPLE_088_x818_y780,SAMPLE_088,818,780,1074,1036,434,12,1536,1119
SAMPLE_088_x1010_y780,SAMPLE_088,1010,780,1266,1036,434,12,1536,1119
SAMPLE_088_x1202_y780,SAMPLE_088,1202,780,1458,1036,434,12,1536,1119
SAMPLE_088_x1280_y780,SAMPLE_088,1280,780,1536,1036,434,12,1536,1119
SAMPLE_088_x434_y863,SAMPLE_088,434,863,690,1119,434,12,1536,1119
SAMPLE_088_x626_y863,SAMPLE_088,626,863,882,1119,434,12,1536,1119
SAMPLE_088_x818_y863,SAMPLE_088,818,863,1074,1119,434,12,1536,1119
SAMPLE_088_x1010_y863,SAMPLE_088,1010,863,1266,1119,434,12,1536,1119
SAMPLE_088_x1202_y863,SAMPLE_088,1202,863,1458,1119,434,12,1536,1119
SAMPLE_088_x1280_y863,SAMPLE_088,1280,863,1536,1119,434,12,1536,1119
SAMPLE_089_x433_y12,SAMPLE_089,433,12,689,268,433,12,1553,1119
SAMPLE_089_x625_y12,SAMPLE_089,625,12,881,268,433,12,1553,1119
SAMPLE_089_x817_y12,SAMPLE_089,817,12,1073,268,433,12,1553,1119
SAMPLE_089_x1009_y12,SAMPLE_089,1009,12,1265,268,433,12,1553,1119
SAMPLE_089_x1201_y12,SAMPLE_089,1201,12,1457,268,433,12,1553,1119
SAMPLE_089_x1297_y12,SAMPLE_089,1297,12,1553,268,433,12,1553,1119
SAMPLE_089_x433_y204,SAMPLE_089,433,204,689,460,433,12,1553,1119
SAMPLE_089_x625_y204,SAMPLE_089,625,204,881,460,433,12,1553,1119
SAMPLE_089_x817_y204,SAMPLE_089,817,204,1073,460,433,12,1553,1119
SAMPLE_089_x1009_y204,SAMPLE_089,1009,204,1265,460,433,12,1553,1119
SAMPLE_089_x1201_y204,SAMPLE_089,1201,204,1457,460,433,12,1553,1119
SAMPLE_089_x1297_y204,SAMPLE_089,1297,204,1553,460,433,12,1553,1119
SAMPLE_089_x433_y396,SAMPLE_089,433,396,689,652,433,12,1553,1119
SAMPLE_089_x625_y396,SAMPLE_089,625,396,881,652,433,12,1553,1119
SAMPLE_089_x817_y396,SAMPLE_089,817,396,1073,652,433,12,1553,1119
SAMPLE_089_x1009_y396,SAMPLE_089,1009,396,1265,652,433,12,1553,1119
SAMPLE_089_x1201_y396,SAMPLE_089,1201,396,1457,652,433,12,1553,1119
SAMPLE_089_x1297_y396,SAMPLE_089,1297,396,1553,652,433,12,1553,1119
SAMPLE_089_x433_y588,SAMPLE_089,433,588,689,844,433,12,1553,1119
SAMPLE_089_x625_y588,SAMPLE_089,625,588,881,844,433,12,1553,1119
SAMPLE_089_x817_y588,SAMPLE_089,817,588,1073,844,433,12,1553,1119
SAMPLE_089_x1009_y588,SAMPLE_089,1009,588,1265,844,433,12,1553,1119
SAMPLE_089_x1201_y588,SAMPLE_089,1201,588,1457,844,433,12,1553,1119
SAMPLE_089_x1297_y588,SAMPLE_089,1297,588,1553,844,433,12,1553,1119
SAMPLE_089_x433_y780,SAMPLE_089,433,780,689,1036,433,12,1553,1119
SAMPLE_089_x625_y780,SAMPLE_089,625,780,881,1036,433,12,1553,1119
SAMPLE_089_x817_y780,SAMPLE_089,817,780,1073,1036,433,12,1553,1119
SAMPLE_089_x1009_y780,SAMPLE_089,1009,780,1265,1036,433,12,1553,1119
SAMPLE_089_x1201_y780,SAMPLE_089,1201,780,1457,1036,433,12,1553,1119
SAMPLE_089_x1297_y780,SAMPLE_089,1297,780,1553,1036,433,12,1553,1119
SAMPLE_089_x433_y863,SAMPLE_089,433,863,689,1119,433,12,1553,1119
SAMPLE_089_x625_y863,SAMPLE_089,625,863,881,1119,433,12,1553,1119
SAMPLE_089_x817_y863,SAMPLE_089,817,863,1073,1119,433,12,1553,1119
SAMPLE_089_x1009_y863,SAMPLE_089,1009,863,1265,1119,433,12,1553,1119
SAMPLE_089_x1201_y863,SAMPLE_089,1201,863,1457,1119,433,12,1553,1119
SAMPLE_089_x1297_y863,SAMPLE_089,1297,863,1553,1119,433,12,1553,1119
SAMPLE_090_x189_y0,SAMPLE_090,189,0,445,256,189,0,1754,1200
SAMPLE_090_x381_y0,SAMPLE_090,381,0,637,256,189,0,1754,1200
SAMPLE_090_x573_y0,SAMPLE_090,573,0,829,256,189,0,1754,1200
SAMPLE_090_x765_y0,SAMPLE_090,765,0,1021,256,189,0,1754,1200
SAMPLE_090_x957_y0,SAMPLE_090,957,0,1213,256,189,0,1754,1200
SAMPLE_090_x1149_y0,SAMPLE_090,1149,0,1405,256,189,0,1754,1200
SAMPLE_090_x1341_y0,SAMPLE_090,1341,0,1597,256,189,0,1754,1200
SAMPLE_090_x1498_y0,SAMPLE_090,1498,0,1754,256,189,0,1754,1200
SAMPLE_090_x189_y192,SAMPLE_090,189,192,445,448,189,0,1754,1200
SAMPLE_090_x381_y192,SAMPLE_090,381,192,637,448,189,0,1754,1200
SAMPLE_090_x573_y192,SAMPLE_090,573,192,829,448,189,0,1754,1200
SAMPLE_090_x765_y192,SAMPLE_090,765,192,1021,448,189,0,1754,1200
SAMPLE_090_x957_y192,SAMPLE_090,957,192,1213,448,189,0,1754,1200
SAMPLE_090_x1149_y192,SAMPLE_090,1149,192,1405,448,189,0,1754,1200
SAMPLE_090_x1341_y192,SAMPLE_090,1341,192,1597,448,189,0,1754,1200
SAMPLE_090_x1498_y192,SAMPLE_090,1498,192,1754,448,189,0,1754,1200
SAMPLE_090_x189_y384,SAMPLE_090,189,384,445,640,189,0,1754,1200
SAMPLE_090_x381_y384,SAMPLE_090,381,384,637,640,189,0,1754,1200
SAMPLE_090_x573_y384,SAMPLE_090,573,384,829,640,189,0,1754,1200
SAMPLE_090_x765_y384,SAMPLE_090,765,384,1021,640,189,0,1754,1200
SAMPLE_090_x957_y384,SAMPLE_090,957,384,1213,640,189,0,1754,1200
SAMPLE_090_x1149_y384,SAMPLE_090,1149,384,1405,640,189,0,1754,1200
SAMPLE_090_x1341_y384,SAMPLE_090,1341,384,1597,640,189,0,1754,1200
SAMPLE_090_x1498_y384,SAMPLE_090,1498,384,1754,640,189,0,1754,1200
SAMPLE_090_x189_y576,SAMPLE_090,189,576,445,832,189,0,1754,1200
SAMPLE_090_x381_y576,SAMPLE_090,381,576,637,832,189,0,1754,1200
SAMPLE_090_x573_y576,SAMPLE_090,573,576,829,832,189,0,1754,1200
SAMPLE_090_x765_y576,SAMPLE_090,765,576,1021,832,189,0,1754,1200
SAMPLE_090_x957_y576,SAMPLE_090,957,576,1213,832,189,0,1754,1200
SAMPLE_090_x1149_y576,SAMPLE_090,1149,576,1405,832,189,0,1754,1200
SAMPLE_090_x1341_y576,SAMPLE_090,1341,576,1597,832,189,0,1754,1200
SAMPLE_090_x1498_y576,SAMPLE_090,1498,576,1754,832,189,0,1754,1200
SAMPLE_090_x189_y768,SAMPLE_090,189,768,445,1024,189,0,1754,1200
SAMPLE_090_x381_y768,SAMPLE_090,381,768,637,1024,189,0,1754,1200
SAMPLE_090_x573_y768,SAMPLE_090,573,768,829,1024,189,0,1754,1200
SAMPLE_090_x765_y768,SAMPLE_090,765,768,1021,1024,189,0,1754,1200
SAMPLE_090_x957_y768,SAMPLE_090,957,768,1213,1024,189,0,1754,1200
SAMPLE_090_x1149_y768,SAMPLE_090,1149,768,1405,1024,189,0,1754,1200
SAMPLE_090_x1341_y768,SAMPLE_090,1341,768,1597,1024,189,0,1754,1200
SAMPLE_090_x1498_y768,SAMPLE_090,1498,768,1754,1024,189,0,1754,1200
SAMPLE_090_x189_y944,SAMPLE_090,189,944,445,1200,189,0,1754,1200
SAMPLE_090_x381_y944,SAMPLE_090,381,944,637,1200,189,0,1754,1200
SAMPLE_090_x573_y944,SAMPLE_090,573,944,829,1200,189,0,1754,1200
SAMPLE_090_x765_y944,SAMPLE_090,765,944,1021,1200,189,0,1754,1200
SAMPLE_090_x957_y944,SAMPLE_090,957,944,1213,1200,189,0,1754,1200
SAMPLE_090_x1149_y944,SAMPLE_090,1149,944,1405,1200,189,0,1754,1200
SAMPLE_090_x1341_y944,SAMPLE_090,1341,944,1597,1200,189,0,1754,1200
SAMPLE_090_x1498_y944,SAMPLE_090,1498,944,1754,1200,189,0,1754,1200
SAMPLE_091_x187_y0,SAMPLE_091,187,0,443,256,187,0,1755,1200
SAMPLE_091_x379_y0,SAMPLE_091,379,0,635,256,187,0,1755,1200
SAMPLE_091_x571_y0,SAMPLE_091,571,0,827,256,187,0,1755,1200
SAMPLE_091_x763_y0,SAMPLE_091,763,0,1019,256,187,0,1755,1200
SAMPLE_091_x955_y0,SAMPLE_091,955,0,1211,256,187,0,1755,1200
SAMPLE_091_x1147_y0,SAMPLE_091,1147,0,1403,256,187,0,1755,1200
SAMPLE_091_x1339_y0,SAMPLE_091,1339,0,1595,256,187,0,1755,1200
SAMPLE_091_x1499_y0,SAMPLE_091,1499,0,1755,256,187,0,1755,1200
SAMPLE_091_x187_y192,SAMPLE_091,187,192,443,448,187,0,1755,1200
SAMPLE_091_x379_y192,SAMPLE_091,379,192,635,448,187,0,1755,1200
SAMPLE_091_x571_y192,SAMPLE_091,571,192,827,448,187,0,1755,1200
SAMPLE_091_x763_y192,SAMPLE_091,763,192,1019,448,187,0,1755,1200
SAMPLE_091_x955_y192,SAMPLE_091,955,192,1211,448,187,0,1755,1200
SAMPLE_091_x1147_y192,SAMPLE_091,1147,192,1403,448,187,0,1755,1200
SAMPLE_091_x1339_y192,SAMPLE_091,1339,192,1595,448,187,0,1755,1200
SAMPLE_091_x1499_y192,SAMPLE_091,1499,192,1755,448,187,0,1755,1200
SAMPLE_091_x187_y384,SAMPLE_091,187,384,443,640,187,0,1755,1200
SAMPLE_091_x379_y384,SAMPLE_091,379,384,635,640,187,0,1755,1200
SAMPLE_091_x571_y384,SAMPLE_091,571,384,827,640,187,0,1755,1200
SAMPLE_091_x763_y384,SAMPLE_091,763,384,1019,640,187,0,1755,1200
SAMPLE_091_x955_y384,SAMPLE_091,955,384,1211,640,187,0,1755,1200
SAMPLE_091_x1147_y384,SAMPLE_091,1147,384,1403,640,187,0,1755,1200
SAMPLE_091_x1339_y384,SAMPLE_091,1339,384,1595,640,187,0,1755,1200
SAMPLE_091_x1499_y384,SAMPLE_091,1499,384,1755,640,187,0,1755,1200
SAMPLE_091_x187_y576,SAMPLE_091,187,576,443,832,187,0,1755,1200
SAMPLE_091_x379_y576,SAMPLE_091,379,576,635,832,187,0,1755,1200
SAMPLE_091_x571_y576,SAMPLE_091,571,576,827,832,187,0,1755,1200
SAMPLE_091_x763_y576,SAMPLE_091,763,576,1019,832,187,0,1755,1200
SAMPLE_091_x955_y576,SAMPLE_091,955,576,1211,832,187,0,1755,1200
SAMPLE_091_x1147_y576,SAMPLE_091,1147,576,1403,832,187,0,1755,1200
SAMPLE_091_x1339_y576,SAMPLE_091,1339,576,1595,832,187,0,1755,1200
SAMPLE_091_x1499_y576,SAMPLE_091,1499,576,1755,832,187,0,1755,1200
SAMPLE_091_x187_y768,SAMPLE_091,187,768,443,1024,187,0,1755,1200
SAMPLE_091_x379_y768,SAMPLE_091,379,768,635,1024,187,0,1755,1200
SAMPLE_091_x571_y768,SAMPLE_091,571,768,827,1024,187,0,1755,1200
SAMPLE_091_x763_y768,SAMPLE_091,763,768,1019,1024,187,0,1755,1200
SAMPLE_091_x955_y768,SAMPLE_091,955,768,1211,1024,187,0,1755,1200
SAMPLE_091_x1147_y768,SAMPLE_091,1147,768,1403,1024,187,0,1755,1200
SAMPLE_091_x1339_y768,SAMPLE_091,1339,768,1595,1024,187,0,1755,1200
SAMPLE_091_x1499_y768,SAMPLE_091,1499,768,1755,1024,187,0,1755,1200
SAMPLE_091_x187_y944,SAMPLE_091,187,944,443,1200,187,0,1755,1200
SAMPLE_091_x379_y944,SAMPLE_091,379,944,635,1200,187,0,1755,1200
SAMPLE_091_x571_y944,SAMPLE_091,571,944,827,1200,187,0,1755,1200
SAMPLE_091_x763_y944,SAMPLE_091,763,944,1019,1200,187,0,1755,1200
SAMPLE_091_x955_y944,SAMPLE_091,955,944,1211,1200,187,0,1755,1200
SAMPLE_091_x1147_y944,SAMPLE_091,1147,944,1403,1200,187,0,1755,1200
SAMPLE_091_x1339_y944,SAMPLE_091,1339,944,1595,1200,187,0,1755,1200
SAMPLE_091_x1499_y944,SAMPLE_091,1499,944,1755,1200,187,0,1755,1200
SAMPLE_092_x393_y14,SAMPLE_092,393,14,649,270,393,14,1558,1153
SAMPLE_092_x585_y14,SAMPLE_092,585,14,841,270,393,14,1558,1153
SAMPLE_092_x777_y14,SAMPLE_092,777,14,1033,270,393,14,1558,1153
SAMPLE_092_x969_y14,SAMPLE_092,969,14,1225,270,393,14,1558,1153
SAMPLE_092_x1161_y14,SAMPLE_092,1161,14,1417,270,393,14,1558,1153
SAMPLE_092_x1302_y14,SAMPLE_092,1302,14,1558,270,393,14,1558,1153
SAMPLE_092_x393_y206,SAMPLE_092,393,206,649,462,393,14,1558,1153
SAMPLE_092_x585_y206,SAMPLE_092,585,206,841,462,393,14,1558,1153
SAMPLE_092_x777_y206,SAMPLE_092,777,206,1033,462,393,14,1558,1153
SAMPLE_092_x969_y206,SAMPLE_092,969,206,1225,462,393,14,1558,1153
SAMPLE_092_x1161_y206,SAMPLE_092,1161,206,1417,462,393,14,1558,1153
SAMPLE_092_x1302_y206,SAMPLE_092,1302,206,1558,462,393,14,1558,1153
SAMPLE_092_x393_y398,SAMPLE_092,393,398,649,654,393,14,1558,1153
SAMPLE_092_x585_y398,SAMPLE_092,585,398,841,654,393,14,1558,1153
SAMPLE_092_x777_y398,SAMPLE_092,777,398,1033,654,393,14,1558,1153
SAMPLE_092_x969_y398,SAMPLE_092,969,398,1225,654,393,14,1558,1153
SAMPLE_092_x1161_y398,SAMPLE_092,1161,398,1417,654,393,14,1558,1153
SAMPLE_092_x1302_y398,SAMPLE_092,1302,398,1558,654,393,14,1558,1153
SAMPLE_092_x393_y590,SAMPLE_092,393,590,649,846,393,14,1558,1153
SAMPLE_092_x585_y590,SAMPLE_092,585,590,841,846,393,14,1558,1153
SAMPLE_092_x777_y590,SAMPLE_092,777,590,1033,846,393,14,1558,1153
SAMPLE_092_x969_y590,SAMPLE_092,969,590,1225,846,393,14,1558,1153
SAMPLE_092_x1161_y590,SAMPLE_092,1161,590,1417,846,393,14,1558,1153
SAMPLE_092_x1302_y590,SAMPLE_092,1302,590,1558,846,393,14,1558,1153
SAMPLE_092_x393_y782,SAMPLE_092,393,782,649,1038,393,14,1558,1153
SAMPLE_092_x585_y782,SAMPLE_092,585,782,841,1038,393,14,1558,1153
SAMPLE_092_x777_y782,SAMPLE_092,777,782,1033,1038,393,14,1558,1153
SAMPLE_092_x969_y782,SAMPLE_092,969,782,1225,1038,393,14,1558,1153
SAMPLE_092_x1161_y782,SAMPLE_092,1161,782,1417,1038,393,14,1558,1153
SAMPLE_092_x1302_y782,SAMPLE_092,1302,782,1558,1038,393,14,1558,1153
SAMPLE_092_x393_y897,SAMPLE_092,393,897,649,1153,393,14,1558,1153
SAMPLE_092_x585_y897,SAMPLE_092,585,897,841,1153,393,14,1558,1153
SAMPLE_092_x777_y897,SAMPLE_092,777,897,1033,1153,393,14,1558,1153
SAMPLE_092_x969_y897,SAMPLE_092,969,897,1225,1153,393,14,1558,1153
SAMPLE_092_x1161_y897,SAMPLE_092,1161,897,1417,1153,393,14,1558,1153
SAMPLE_092_x1302_y897,SAMPLE_092,1302,897,1558,1153,393,14,1558,1153
SAMPLE_093_x393_y12,SAMPLE_093,393,12,649,268,393,12,1559,1191
SAMPLE_093_x585_y12,SAMPLE_093,585,12,841,268,393,12,1559,1191
SAMPLE_093_x777_y12,SAMPLE_093,777,12,1033,268,393,12,1559,1191
SAMPLE_093_x969_y12,SAMPLE_093,969,12,1225,268,393,12,1559,1191
SAMPLE_093_x1161_y12,SAMPLE_093,1161,12,1417,268,393,12,1559,1191
SAMPLE_093_x1303_y12,SAMPLE_093,1303,12,1559,268,393,12,1559,1191
SAMPLE_093_x393_y204,SAMPLE_093,393,204,649,460,393,12,1559,1191
SAMPLE_093_x585_y204,SAMPLE_093,585,204,841,460,393,12,1559,1191
SAMPLE_093_x777_y204,SAMPLE_093,777,204,1033,460,393,12,1559,1191
SAMPLE_093_x969_y204,SAMPLE_093,969,204,1225,460,393,12,1559,1191
SAMPLE_093_x1161_y204,SAMPLE_093,1161,204,1417,460,393,12,1559,1191
SAMPLE_093_x1303_y204,SAMPLE_093,1303,204,1559,460,393,12,1559,1191
SAMPLE_093_x393_y396,SAMPLE_093,393,396,649,652,393,12,1559,1191
SAMPLE_093_x585_y396,SAMPLE_093,585,396,841,652,393,12,1559,1191
SAMPLE_093_x777_y396,SAMPLE_093,777,396,1033,652,393,12,1559,1191
SAMPLE_093_x969_y396,SAMPLE_093,969,396,1225,652,393,12,1559,1191
SAMPLE_093_x1161_y396,SAMPLE_093,1161,396,1417,652,393,12,1559,1191
SAMPLE_093_x1303_y396,SAMPLE_093,1303,396,1559,652,393,12,1559,1191
SAMPLE_093_x393_y588,SAMPLE_093,393,588,649,844,393,12,1559,1191
SAMPLE_093_x585_y588,SAMPLE_093,585,588,841,844,393,12,1559,1191
SAMPLE_093_x777_y588,SAMPLE_093,777,588,1033,844,393,12,1559,1191
SAMPLE_093_x969_y588,SAMPLE_093,969,588,1225,844,393,12,1559,1191
SAMPLE_093_x1161_y588,SAMPLE_093,1161,588,1417,844,393,12,1559,1191
SAMPLE_093_x1303_y588,SAMPLE_093,1303,588,1559,844,393,12,1559,1191
SAMPLE_093_x393_y780,SAMPLE_093,393,780,649,1036,393,12,1559,1191
SAMPLE_093_x585_y780,SAMPLE_093,585,780,841,1036,393,12,1559,1191
SAMPLE_093_x777_y780,SAMPLE_093,777,780,1033,1036,393,12,1559,1191
SAMPLE_093_x969_y780,SAMPLE_093,969,780,1225,1036,393,12,1559,1191
SAMPLE_093_x1161_y780,SAMPLE_093,1161,780,1417,1036,393,12,1559,1191
SAMPLE_093_x1303_y780,SAMPLE_093,1303,780,1559,1036,393,12,1559,1191
SAMPLE_093_x393_y935,SAMPLE_093,393,935,649,1191,393,12,1559,1191
SAMPLE_093_x585_y935,SAMPLE_093,585,935,841,1191,393,12,1559,1191
SAMPLE_093_x777_y935,SAMPLE_093,777,935,1033,1191,393,12,1559,1191
SAMPLE_093_x969_y935,SAMPLE_093,969,935,1225,1191,393,12,1559,1191
SAMPLE_093_x1161_y935,SAMPLE_093,1161,935,1417,1191,393,12,1559,1191
SAMPLE_093_x1303_y935,SAMPLE_093,1303,935,1559,1191,393,12,1559,1191
SAMPLE_065_x410_y18,SAMPLE_065,410,18,666,274,410,18,1532,1140
SAMPLE_065_x602_y18,SAMPLE_065,602,18,858,274,410,18,1532,1140
SAMPLE_065_x794_y18,SAMPLE_065,794,18,1050,274,410,18,1532,1140
SAMPLE_065_x986_y18,SAMPLE_065,986,18,1242,274,410,18,1532,1140
SAMPLE_065_x1178_y18,SAMPLE_065,1178,18,1434,274,410,18,1532,1140
SAMPLE_065_x1276_y18,SAMPLE_065,1276,18,1532,274,410,18,1532,1140
SAMPLE_065_x410_y210,SAMPLE_065,410,210,666,466,410,18,1532,1140
SAMPLE_065_x602_y210,SAMPLE_065,602,210,858,466,410,18,1532,1140
SAMPLE_065_x794_y210,SAMPLE_065,794,210,1050,466,410,18,1532,1140
SAMPLE_065_x986_y210,SAMPLE_065,986,210,1242,466,410,18,1532,1140
SAMPLE_065_x1178_y210,SAMPLE_065,1178,210,1434,466,410,18,1532,1140
SAMPLE_065_x1276_y210,SAMPLE_065,1276,210,1532,466,410,18,1532,1140
SAMPLE_065_x410_y402,SAMPLE_065,410,402,666,658,410,18,1532,1140
SAMPLE_065_x602_y402,SAMPLE_065,602,402,858,658,410,18,1532,1140
SAMPLE_065_x794_y402,SAMPLE_065,794,402,1050,658,410,18,1532,1140
SAMPLE_065_x986_y402,SAMPLE_065,986,402,1242,658,410,18,1532,1140
SAMPLE_065_x1178_y402,SAMPLE_065,1178,402,1434,658,410,18,1532,1140
SAMPLE_065_x1276_y402,SAMPLE_065,1276,402,1532,658,410,18,1532,1140
SAMPLE_065_x410_y594,SAMPLE_065,410,594,666,850,410,18,1532,1140
SAMPLE_065_x602_y594,SAMPLE_065,602,594,858,850,410,18,1532,1140
SAMPLE_065_x794_y594,SAMPLE_065,794,594,1050,850,410,18,1532,1140
SAMPLE_065_x986_y594,SAMPLE_065,986,594,1242,850,410,18,1532,1140
SAMPLE_065_x1178_y594,SAMPLE_065,1178,594,1434,850,410,18,1532,1140
SAMPLE_065_x1276_y594,SAMPLE_065,1276,594,1532,850,410,18,1532,1140
SAMPLE_065_x410_y786,SAMPLE_065,410,786,666,1042,410,18,1532,1140
SAMPLE_065_x602_y786,SAMPLE_065,602,786,858,1042,410,18,1532,1140
SAMPLE_065_x794_y786,SAMPLE_065,794,786,1050,1042,410,18,1532,1140
SAMPLE_065_x986_y786,SAMPLE_065,986,786,1242,1042,410,18,1532,1140
SAMPLE_065_x1178_y786,SAMPLE_065,1178,786,1434,1042,410,18,1532,1140
SAMPLE_065_x1276_y786,SAMPLE_065,1276,786,1532,1042,410,18,1532,1140
SAMPLE_065_x410_y884,SAMPLE_065,410,884,666,1140,410,18,1532,1140
SAMPLE_065_x602_y884,SAMPLE_065,602,884,858,1140,410,18,1532,1140
SAMPLE_065_x794_y884,SAMPLE_065,794,884,1050,1140,410,18,1532,1140
SAMPLE_065_x986_y884,SAMPLE_065,986,884,1242,1140,410,18,1532,1140
SAMPLE_065_x1178_y884,SAMPLE_065,1178,884,1434,1140,410,18,1532,1140
SAMPLE_065_x1276_y884,SAMPLE_065,1276,884,1532,1140,410,18,1532,1140
SAMPLE_050_x393_y22,SAMPLE_050,393,22,649,278,393,22,1531,1138
SAMPLE_050_x585_y22,SAMPLE_050,585,22,841,278,393,22,1531,1138
SAMPLE_050_x777_y22,SAMPLE_050,777,22,1033,278,393,22,1531,1138
SAMPLE_050_x969_y22,SAMPLE_050,969,22,1225,278,393,22,1531,1138
SAMPLE_050_x1161_y22,SAMPLE_050,1161,22,1417,278,393,22,1531,1138
SAMPLE_050_x1275_y22,SAMPLE_050,1275,22,1531,278,393,22,1531,1138
SAMPLE_050_x393_y214,SAMPLE_050,393,214,649,470,393,22,1531,1138
SAMPLE_050_x585_y214,SAMPLE_050,585,214,841,470,393,22,1531,1138
SAMPLE_050_x777_y214,SAMPLE_050,777,214,1033,470,393,22,1531,1138
SAMPLE_050_x969_y214,SAMPLE_050,969,214,1225,470,393,22,1531,1138
SAMPLE_050_x1161_y214,SAMPLE_050,1161,214,1417,470,393,22,1531,1138
SAMPLE_050_x1275_y214,SAMPLE_050,1275,214,1531,470,393,22,1531,1138
SAMPLE_050_x393_y406,SAMPLE_050,393,406,649,662,393,22,1531,1138
SAMPLE_050_x585_y406,SAMPLE_050,585,406,841,662,393,22,1531,1138
SAMPLE_050_x777_y406,SAMPLE_050,777,406,1033,662,393,22,1531,1138
SAMPLE_050_x969_y406,SAMPLE_050,969,406,1225,662,393,22,1531,1138
SAMPLE_050_x1161_y406,SAMPLE_050,1161,406,1417,662,393,22,1531,1138
SAMPLE_050_x1275_y406,SAMPLE_050,1275,406,1531,662,393,22,1531,1138
SAMPLE_050_x393_y598,SAMPLE_050,393,598,649,854,393,22,1531,1138
SAMPLE_050_x585_y598,SAMPLE_050,585,598,841,854,393,22,1531,1138
SAMPLE_050_x777_y598,SAMPLE_050,777,598,1033,854,393,22,1531,1138
SAMPLE_050_x969_y598,SAMPLE_050,969,598,1225,854,393,22,1531,1138
SAMPLE_050_x1161_y598,SAMPLE_050,1161,598,1417,854,393,22,1531,1138
SAMPLE_050_x1275_y598,SAMPLE_050,1275,598,1531,854,393,22,1531,1138
SAMPLE_050_x393_y790,SAMPLE_050,393,790,649,1046,393,22,1531,1138
SAMPLE_050_x585_y790,SAMPLE_050,585,790,841,1046,393,22,1531,1138
SAMPLE_050_x777_y790,SAMPLE_050,777,790,1033,1046,393,22,1531,1138
SAMPLE_050_x969_y790,SAMPLE_050,969,790,1225,1046,393,22,1531,1138
SAMPLE_050_x1161_y790,SAMPLE_050,1161,790,1417,1046,393,22,1531,1138
SAMPLE_050_x1275_y790,SAMPLE_050,1275,790,1531,1046,393,22,1531,1138
SAMPLE_050_x393_y882,SAMPLE_050,393,882,649,1138,393,22,1531,1138
SAMPLE_050_x585_y882,SAMPLE_050,585,882,841,1138,393,22,1531,1138
SAMPLE_050_x777_y882,SAMPLE_050,777,882,1033,1138,393,22,1531,1138
SAMPLE_050_x969_y882,SAMPLE_050,969,882,1225,1138,393,22,1531,1138
SAMPLE_050_x1161_y882,SAMPLE_050,1161,882,1417,1138,393,22,1531,1138
SAMPLE_050_x1275_y882,SAMPLE_050,1275,882,1531,1138,393,22,1531,1138
SAMPLE_053_x395_y17,SAMPLE_053,395,17,651,273,395,17,1531,1096
SAMPLE_053_x587_y17,SAMPLE_053,587,17,843,273,395,17,1531,1096
SAMPLE_053_x779_y17,SAMPLE_053,779,17,1035,273,395,17,1531,1096
SAMPLE_053_x971_y17,SAMPLE_053,971,17,1227,273,395,17,1531,1096
SAMPLE_053_x1163_y17,SAMPLE_053,1163,17,1419,273,395,17,1531,1096
SAMPLE_053_x1275_y17,SAMPLE_053,1275,17,1531,273,395,17,1531,1096
SAMPLE_053_x395_y209,SAMPLE_053,395,209,651,465,395,17,1531,1096
SAMPLE_053_x587_y209,SAMPLE_053,587,209,843,465,395,17,1531,1096
SAMPLE_053_x779_y209,SAMPLE_053,779,209,1035,465,395,17,1531,1096
SAMPLE_053_x971_y209,SAMPLE_053,971,209,1227,465,395,17,1531,1096
SAMPLE_053_x1163_y209,SAMPLE_053,1163,209,1419,465,395,17,1531,1096
SAMPLE_053_x1275_y209,SAMPLE_053,1275,209,1531,465,395,17,1531,1096
SAMPLE_053_x395_y401,SAMPLE_053,395,401,651,657,395,17,1531,1096
SAMPLE_053_x587_y401,SAMPLE_053,587,401,843,657,395,17,1531,1096
SAMPLE_053_x779_y401,SAMPLE_053,779,401,1035,657,395,17,1531,1096
SAMPLE_053_x971_y401,SAMPLE_053,971,401,1227,657,395,17,1531,1096
SAMPLE_053_x1163_y401,SAMPLE_053,1163,401,1419,657,395,17,1531,1096
SAMPLE_053_x1275_y401,SAMPLE_053,1275,401,1531,657,395,17,1531,1096
SAMPLE_053_x395_y593,SAMPLE_053,395,593,651,849,395,17,1531,1096
SAMPLE_053_x587_y593,SAMPLE_053,587,593,843,849,395,17,1531,1096
SAMPLE_053_x779_y593,SAMPLE_053,779,593,1035,849,395,17,1531,1096
SAMPLE_053_x971_y593,SAMPLE_053,971,593,1227,849,395,17,1531,1096
SAMPLE_053_x1163_y593,SAMPLE_053,1163,593,1419,849,395,17,1531,1096
SAMPLE_053_x1275_y593,SAMPLE_053,1275,593,1531,849,395,17,1531,1096
SAMPLE_053_x395_y785,SAMPLE_053,395,785,651,1041,395,17,1531,1096
SAMPLE_053_x587_y785,SAMPLE_053,587,785,843,1041,395,17,1531,1096
SAMPLE_053_x779_y785,SAMPLE_053,779,785,1035,1041,395,17,1531,1096
SAMPLE_053_x971_y785,SAMPLE_053,971,785,1227,1041,395,17,1531,1096
SAMPLE_053_x1163_y785,SAMPLE_053,1163,785,1419,1041,395,17,1531,1096
SAMPLE_053_x1275_y785,SAMPLE_053,1275,785,1531,1041,395,17,1531,1096
SAMPLE_053_x395_y840,SAMPLE_053,395,840,651,1096,395,17,1531,1096
SAMPLE_053_x587_y840,SAMPLE_053,587,840,843,1096,395,17,1531,1096
SAMPLE_053_x779_y840,SAMPLE_053,779,840,1035,1096,395,17,1531,1096
SAMPLE_053_x971_y840,SAMPLE_053,971,840,1227,1096,395,17,1531,1096
SAMPLE_053_x1163_y840,SAMPLE_053,1163,840,1419,1096,395,17,1531,1096
SAMPLE_053_x1275_y840,SAMPLE_053,1275,840,1531,1096,395,17,1531,1096
SAMPLE_055_x431_y25,SAMPLE_055,431,25,687,281,431,25,1571,1133
SAMPLE_055_x623_y25,SAMPLE_055,623,25,879,281,431,25,1571,1133
SAMPLE_055_x815_y25,SAMPLE_055,815,25,1071,281,431,25,1571,1133
SAMPLE_055_x1007_y25,SAMPLE_055,1007,25,1263,281,431,25,1571,1133
SAMPLE_055_x1199_y25,SAMPLE_055,1199,25,1455,281,431,25,1571,1133
SAMPLE_055_x1315_y25,SAMPLE_055,1315,25,1571,281,431,25,1571,1133
SAMPLE_055_x431_y217,SAMPLE_055,431,217,687,473,431,25,1571,1133
SAMPLE_055_x623_y217,SAMPLE_055,623,217,879,473,431,25,1571,1133
SAMPLE_055_x815_y217,SAMPLE_055,815,217,1071,473,431,25,1571,1133
SAMPLE_055_x1007_y217,SAMPLE_055,1007,217,1263,473,431,25,1571,1133
SAMPLE_055_x1199_y217,SAMPLE_055,1199,217,1455,473,431,25,1571,1133
SAMPLE_055_x1315_y217,SAMPLE_055,1315,217,1571,473,431,25,1571,1133
SAMPLE_055_x431_y409,SAMPLE_055,431,409,687,665,431,25,1571,1133
SAMPLE_055_x623_y409,SAMPLE_055,623,409,879,665,431,25,1571,1133
SAMPLE_055_x815_y409,SAMPLE_055,815,409,1071,665,431,25,1571,1133
SAMPLE_055_x1007_y409,SAMPLE_055,1007,409,1263,665,431,25,1571,1133
SAMPLE_055_x1199_y409,SAMPLE_055,1199,409,1455,665,431,25,1571,1133
SAMPLE_055_x1315_y409,SAMPLE_055,1315,409,1571,665,431,25,1571,1133
SAMPLE_055_x431_y601,SAMPLE_055,431,601,687,857,431,25,1571,1133
SAMPLE_055_x623_y601,SAMPLE_055,623,601,879,857,431,25,1571,1133
SAMPLE_055_x815_y601,SAMPLE_055,815,601,1071,857,431,25,1571,1133
SAMPLE_055_x1007_y601,SAMPLE_055,1007,601,1263,857,431,25,1571,1133
SAMPLE_055_x1199_y601,SAMPLE_055,1199,601,1455,857,431,25,1571,1133
SAMPLE_055_x1315_y601,SAMPLE_055,1315,601,1571,857,431,25,1571,1133
SAMPLE_055_x431_y793,SAMPLE_055,431,793,687,1049,431,25,1571,1133
SAMPLE_055_x623_y793,SAMPLE_055,623,793,879,1049,431,25,1571,1133
SAMPLE_055_x815_y793,SAMPLE_055,815,793,1071,1049,431,25,1571,1133
SAMPLE_055_x1007_y793,SAMPLE_055,1007,793,1263,1049,431,25,1571,1133
SAMPLE_055_x1199_y793,SAMPLE_055,1199,793,1455,1049,431,25,1571,1133
SAMPLE_055_x1315_y793,SAMPLE_055,1315,793,1571,1049,431,25,1571,1133
SAMPLE_055_x431_y877,SAMPLE_055,431,877,687,1133,431,25,1571,1133
SAMPLE_055_x623_y877,SAMPLE_055,623,877,879,1133,431,25,1571,1133
SAMPLE_055_x815_y877,SAMPLE_055,815,877,1071,1133,431,25,1571,1133
SAMPLE_055_x1007_y877,SAMPLE_055,1007,877,1263,1133,431,25,1571,1133
SAMPLE_055_x1199_y877,SAMPLE_055,1199,877,1455,1133,431,25,1571,1133
SAMPLE_055_x1315_y877,SAMPLE_055,1315,877,1571,1133,431,25,1571,1133
SAMPLE_036_x372_y14,SAMPLE_036,372,14,628,270,372,14,1562,1177
SAMPLE_036_x564_y14,SAMPLE_036,564,14,820,270,372,14,1562,1177
SAMPLE_036_x756_y14,SAMPLE_036,756,14,1012,270,372,14,1562,1177
SAMPLE_036_x948_y14,SAMPLE_036,948,14,1204,270,372,14,1562,1177
SAMPLE_036_x1140_y14,SAMPLE_036,1140,14,1396,270,372,14,1562,1177
SAMPLE_036_x1306_y14,SAMPLE_036,1306,14,1562,270,372,14,1562,1177
SAMPLE_036_x372_y206,SAMPLE_036,372,206,628,462,372,14,1562,1177
SAMPLE_036_x564_y206,SAMPLE_036,564,206,820,462,372,14,1562,1177
SAMPLE_036_x756_y206,SAMPLE_036,756,206,1012,462,372,14,1562,1177
SAMPLE_036_x948_y206,SAMPLE_036,948,206,1204,462,372,14,1562,1177
SAMPLE_036_x1140_y206,SAMPLE_036,1140,206,1396,462,372,14,1562,1177
SAMPLE_036_x1306_y206,SAMPLE_036,1306,206,1562,462,372,14,1562,1177
SAMPLE_036_x372_y398,SAMPLE_036,372,398,628,654,372,14,1562,1177
SAMPLE_036_x564_y398,SAMPLE_036,564,398,820,654,372,14,1562,1177
SAMPLE_036_x756_y398,SAMPLE_036,756,398,1012,654,372,14,1562,1177
SAMPLE_036_x948_y398,SAMPLE_036,948,398,1204,654,372,14,1562,1177
SAMPLE_036_x1140_y398,SAMPLE_036,1140,398,1396,654,372,14,1562,1177
SAMPLE_036_x1306_y398,SAMPLE_036,1306,398,1562,654,372,14,1562,1177
SAMPLE_036_x372_y590,SAMPLE_036,372,590,628,846,372,14,1562,1177
SAMPLE_036_x564_y590,SAMPLE_036,564,590,820,846,372,14,1562,1177
SAMPLE_036_x756_y590,SAMPLE_036,756,590,1012,846,372,14,1562,1177
SAMPLE_036_x948_y590,SAMPLE_036,948,590,1204,846,372,14,1562,1177
SAMPLE_036_x1140_y590,SAMPLE_036,1140,590,1396,846,372,14,1562,1177
SAMPLE_036_x1306_y590,SAMPLE_036,1306,590,1562,846,372,14,1562,1177
SAMPLE_036_x372_y782,SAMPLE_036,372,782,628,1038,372,14,1562,1177
SAMPLE_036_x564_y782,SAMPLE_036,564,782,820,1038,372,14,1562,1177
SAMPLE_036_x756_y782,SAMPLE_036,756,782,1012,1038,372,14,1562,1177
SAMPLE_036_x948_y782,SAMPLE_036,948,782,1204,1038,372,14,1562,1177
SAMPLE_036_x1140_y782,SAMPLE_036,1140,782,1396,1038,372,14,1562,1177
SAMPLE_036_x1306_y782,SAMPLE_036,1306,782,1562,1038,372,14,1562,1177
SAMPLE_036_x372_y921,SAMPLE_036,372,921,628,1177,372,14,1562,1177
SAMPLE_036_x564_y921,SAMPLE_036,564,921,820,1177,372,14,1562,1177
SAMPLE_036_x756_y921,SAMPLE_036,756,921,1012,1177,372,14,1562,1177
SAMPLE_036_x948_y921,SAMPLE_036,948,921,1204,1177,372,14,1562,1177
SAMPLE_036_x1140_y921,SAMPLE_036,1140,921,1396,1177,372,14,1562,1177
SAMPLE_036_x1306_y921,SAMPLE_036,1306,921,1562,1177,372,14,1562,1177
SAMPLE_037_x472_y13,SAMPLE_037,472,13,728,269,472,13,1602,1142
SAMPLE_037_x664_y13,SAMPLE_037,664,13,920,269,472,13,1602,1142
SAMPLE_037_x856_y13,SAMPLE_037,856,13,1112,269,472,13,1602,1142
SAMPLE_037_x1048_y13,SAMPLE_037,1048,13,1304,269,472,13,1602,1142
SAMPLE_037_x1240_y13,SAMPLE_037,1240,13,1496,269,472,13,1602,1142
SAMPLE_037_x1346_y13,SAMPLE_037,1346,13,1602,269,472,13,1602,1142
SAMPLE_037_x472_y205,SAMPLE_037,472,205,728,461,472,13,1602,1142
SAMPLE_037_x664_y205,SAMPLE_037,664,205,920,461,472,13,1602,1142
SAMPLE_037_x856_y205,SAMPLE_037,856,205,1112,461,472,13,1602,1142
SAMPLE_037_x1048_y205,SAMPLE_037,1048,205,1304,461,472,13,1602,1142
SAMPLE_037_x1240_y205,SAMPLE_037,1240,205,1496,461,472,13,1602,1142
SAMPLE_037_x1346_y205,SAMPLE_037,1346,205,1602,461,472,13,1602,1142
SAMPLE_037_x472_y397,SAMPLE_037,472,397,728,653,472,13,1602,1142
SAMPLE_037_x664_y397,SAMPLE_037,664,397,920,653,472,13,1602,1142
SAMPLE_037_x856_y397,SAMPLE_037,856,397,1112,653,472,13,1602,1142
SAMPLE_037_x1048_y397,SAMPLE_037,1048,397,1304,653,472,13,1602,1142
SAMPLE_037_x1240_y397,SAMPLE_037,1240,397,1496,653,472,13,1602,1142
SAMPLE_037_x1346_y397,SAMPLE_037,1346,397,1602,653,472,13,1602,1142
SAMPLE_037_x472_y589,SAMPLE_037,472,589,728,845,472,13,1602,1142
SAMPLE_037_x664_y589,SAMPLE_037,664,589,920,845,472,13,1602,1142
SAMPLE_037_x856_y589,SAMPLE_037,856,589,1112,845,472,13,1602,1142
SAMPLE_037_x1048_y589,SAMPLE_037,1048,589,1304,845,472,13,1602,1142
SAMPLE_037_x1240_y589,SAMPLE_037,1240,589,1496,845,472,13,1602,1142
SAMPLE_037_x1346_y589,SAMPLE_037,1346,589,1602,845,472,13,1602,1142
SAMPLE_037_x472_y781,SAMPLE_037,472,781,728,1037,472,13,1602,1142
SAMPLE_037_x664_y781,SAMPLE_037,664,781,920,1037,472,13,1602,1142
SAMPLE_037_x856_y781,SAMPLE_037,856,781,1112,1037,472,13,1602,1142
SAMPLE_037_x1048_y781,SAMPLE_037,1048,781,1304,1037,472,13,1602,1142
SAMPLE_037_x1240_y781,SAMPLE_037,1240,781,1496,1037,472,13,1602,1142
SAMPLE_037_x1346_y781,SAMPLE_037,1346,781,1602,1037,472,13,1602,1142
SAMPLE_037_x472_y886,SAMPLE_037,472,886,728,1142,472,13,1602,1142
SAMPLE_037_x664_y886,SAMPLE_037,664,886,920,1142,472,13,1602,1142
SAMPLE_037_x856_y886,SAMPLE_037,856,886,1112,1142,472,13,1602,1142
SAMPLE_037_x1048_y886,SAMPLE_037,1048,886,1304,1142,472,13,1602,1142
SAMPLE_037_x1240_y886,SAMPLE_037,1240,886,1496,1142,472,13,1602,1142
SAMPLE_037_x1346_y886,SAMPLE_037,1346,886,1602,1142,472,13,1602,1142
SAMPLE_038_x398_y17,SAMPLE_038,398,17,654,273,398,17,1524,1142
SAMPLE_038_x590_y17,SAMPLE_038,590,17,846,273,398,17,1524,1142
SAMPLE_038_x782_y17,SAMPLE_038,782,17,1038,273,398,17,1524,1142
SAMPLE_038_x974_y17,SAMPLE_038,974,17,1230,273,398,17,1524,1142
SAMPLE_038_x1166_y17,SAMPLE_038,1166,17,1422,273,398,17,1524,1142
SAMPLE_038_x1268_y17,SAMPLE_038,1268,17,1524,273,398,17,1524,1142
SAMPLE_038_x398_y209,SAMPLE_038,398,209,654,465,398,17,1524,1142
SAMPLE_038_x590_y209,SAMPLE_038,590,209,846,465,398,17,1524,1142
SAMPLE_038_x782_y209,SAMPLE_038,782,209,1038,465,398,17,1524,1142
SAMPLE_038_x974_y209,SAMPLE_038,974,209,1230,465,398,17,1524,1142
SAMPLE_038_x1166_y209,SAMPLE_038,1166,209,1422,465,398,17,1524,1142
SAMPLE_038_x1268_y209,SAMPLE_038,1268,209,1524,465,398,17,1524,1142
SAMPLE_038_x398_y401,SAMPLE_038,398,401,654,657,398,17,1524,1142
SAMPLE_038_x590_y401,SAMPLE_038,590,401,846,657,398,17,1524,1142
SAMPLE_038_x782_y401,SAMPLE_038,782,401,1038,657,398,17,1524,1142
SAMPLE_038_x974_y401,SAMPLE_038,974,401,1230,657,398,17,1524,1142
SAMPLE_038_x1166_y401,SAMPLE_038,1166,401,1422,657,398,17,1524,1142
SAMPLE_038_x1268_y401,SAMPLE_038,1268,401,1524,657,398,17,1524,1142
SAMPLE_038_x398_y593,SAMPLE_038,398,593,654,849,398,17,1524,1142
SAMPLE_038_x590_y593,SAMPLE_038,590,593,846,849,398,17,1524,1142
SAMPLE_038_x782_y593,SAMPLE_038,782,593,1038,849,398,17,1524,1142
SAMPLE_038_x974_y593,SAMPLE_038,974,593,1230,849,398,17,1524,1142
SAMPLE_038_x1166_y593,SAMPLE_038,1166,593,1422,849,398,17,1524,1142
SAMPLE_038_x1268_y593,SAMPLE_038,1268,593,1524,849,398,17,1524,1142
SAMPLE_038_x398_y785,SAMPLE_038,398,785,654,1041,398,17,1524,1142
SAMPLE_038_x590_y785,SAMPLE_038,590,785,846,1041,398,17,1524,1142
SAMPLE_038_x782_y785,SAMPLE_038,782,785,1038,1041,398,17,1524,1142
SAMPLE_038_x974_y785,SAMPLE_038,974,785,1230,1041,398,17,1524,1142
SAMPLE_038_x1166_y785,SAMPLE_038,1166,785,1422,1041,398,17,1524,1142
SAMPLE_038_x1268_y785,SAMPLE_038,1268,785,1524,1041,398,17,1524,1142
SAMPLE_038_x398_y886,SAMPLE_038,398,886,654,1142,398,17,1524,1142
SAMPLE_038_x590_y886,SAMPLE_038,590,886,846,1142,398,17,1524,1142
SAMPLE_038_x782_y886,SAMPLE_038,782,886,1038,1142,398,17,1524,1142
SAMPLE_038_x974_y886,SAMPLE_038,974,886,1230,1142,398,17,1524,1142
SAMPLE_038_x1166_y886,SAMPLE_038,1166,886,1422,1142,398,17,1524,1142
SAMPLE_038_x1268_y886,SAMPLE_038,1268,886,1524,1142,398,17,1524,1142
SAMPLE_039_x399_y17,SAMPLE_039,399,17,655,273,399,17,1525,1147
SAMPLE_039_x591_y17,SAMPLE_039,591,17,847,273,399,17,1525,1147
SAMPLE_039_x783_y17,SAMPLE_039,783,17,1039,273,399,17,1525,1147
SAMPLE_039_x975_y17,SAMPLE_039,975,17,1231,273,399,17,1525,1147
SAMPLE_039_x1167_y17,SAMPLE_039,1167,17,1423,273,399,17,1525,1147
SAMPLE_039_x1269_y17,SAMPLE_039,1269,17,1525,273,399,17,1525,1147
SAMPLE_039_x399_y209,SAMPLE_039,399,209,655,465,399,17,1525,1147
SAMPLE_039_x591_y209,SAMPLE_039,591,209,847,465,399,17,1525,1147
SAMPLE_039_x783_y209,SAMPLE_039,783,209,1039,465,399,17,1525,1147
SAMPLE_039_x975_y209,SAMPLE_039,975,209,1231,465,399,17,1525,1147
SAMPLE_039_x1167_y209,SAMPLE_039,1167,209,1423,465,399,17,1525,1147
SAMPLE_039_x1269_y209,SAMPLE_039,1269,209,1525,465,399,17,1525,1147
SAMPLE_039_x399_y401,SAMPLE_039,399,401,655,657,399,17,1525,1147
SAMPLE_039_x591_y401,SAMPLE_039,591,401,847,657,399,17,1525,1147
SAMPLE_039_x783_y401,SAMPLE_039,783,401,1039,657,399,17,1525,1147
SAMPLE_039_x975_y401,SAMPLE_039,975,401,1231,657,399,17,1525,1147
SAMPLE_039_x1167_y401,SAMPLE_039,1167,401,1423,657,399,17,1525,1147
SAMPLE_039_x1269_y401,SAMPLE_039,1269,401,1525,657,399,17,1525,1147
SAMPLE_039_x399_y593,SAMPLE_039,399,593,655,849,399,17,1525,1147
SAMPLE_039_x591_y593,SAMPLE_039,591,593,847,849,399,17,1525,1147
SAMPLE_039_x783_y593,SAMPLE_039,783,593,1039,849,399,17,1525,1147
SAMPLE_039_x975_y593,SAMPLE_039,975,593,1231,849,399,17,1525,1147
SAMPLE_039_x1167_y593,SAMPLE_039,1167,593,1423,849,399,17,1525,1147
SAMPLE_039_x1269_y593,SAMPLE_039,1269,593,1525,849,399,17,1525,1147
SAMPLE_039_x399_y785,SAMPLE_039,399,785,655,1041,399,17,1525,1147
SAMPLE_039_x591_y785,SAMPLE_039,591,785,847,1041,399,17,1525,1147
SAMPLE_039_x783_y785,SAMPLE_039,783,785,1039,1041,399,17,1525,1147
SAMPLE_039_x975_y785,SAMPLE_039,975,785,1231,1041,399,17,1525,1147
SAMPLE_039_x1167_y785,SAMPLE_039,1167,785,1423,1041,399,17,1525,1147
SAMPLE_039_x1269_y785,SAMPLE_039,1269,785,1525,1041,399,17,1525,1147
SAMPLE_039_x399_y891,SAMPLE_039,399,891,655,1147,399,17,1525,1147
SAMPLE_039_x591_y891,SAMPLE_039,591,891,847,1147,399,17,1525,1147
SAMPLE_039_x783_y891,SAMPLE_039,783,891,1039,1147,399,17,1525,1147
SAMPLE_039_x975_y891,SAMPLE_039,975,891,1231,1147,399,17,1525,1147
SAMPLE_039_x1167_y891,SAMPLE_039,1167,891,1423,1147,399,17,1525,1147
SAMPLE_039_x1269_y891,SAMPLE_039,1269,891,1525,1147,399,17,1525,1147
